Round,1,2,3,4,5,6,7,8,9,10,11,12,13,14,15,16,17,18,19,20,21,22,23,24,25,26,27,28,29,30,31,32,33,34,35,36,37,38,39,40,41,42,43,44,45,46,47,48,49,50,51,52,53,54,55,56,57,58,59,60,61,62,63,64,65,66,67,68,69,70,71,72,73,74,75,76,77,78,79,80,81,82,83,84,85,86,87,88,89,90,91,92,93,94,95,96,97,98,99,100,101,102,103,104,105,106,107,108,109,110,111,112,113,114,115,116,117,118,119,120,121,122,123,124,125,126,127,128,129,130,131,132,133,134,135,136,137,138,139,140,141,142,143,144,145,146,147,148,149,150,151,152,153,154,155,156,157,158,159,160,161,162,163,164,165
Hteam,ＦＣ琉球,大宮アルディージャ,ＦＣ琉球,ＦＣ琉球,モンテディオ山形,ＦＣ琉球,ジェフユナイテッド千葉,ＦＣ琉球,東京ヴェルディ,鹿児島ユナイテッドＦＣ,ＦＣ琉球,ＦＣ岐阜,ＦＣ琉球,ファジアーノ岡山,ＦＣ琉球,横浜ＦＣ,ＦＣ琉球,京都サンガF.C.,ＦＣ琉球,Ｖ・ファーレン長崎,ＦＣ琉球,ＦＣ琉球,水戸ホーリーホック,アルビレックス新潟,ＦＣ琉球,柏レイソル,ＦＣ琉球,ＦＣ琉球,徳島ヴォルティス,ＦＣ琉球,ＦＣ琉球,ツエーゲン金沢,ＦＣ琉球,ＦＣ町田ゼルビア,アビスパ福岡,ＦＣ琉球,栃木ＳＣ,ＦＣ琉球,レノファ山口ＦＣ,ＦＣ琉球,愛媛ＦＣ,ヴァンフォーレ甲府,ジェフユナイテッド千葉,ＦＣ琉球,ギラヴァンツ北九州,ＦＣ琉球,ＦＣ琉球,レノファ山口ＦＣ,愛媛ＦＣ,ＦＣ琉球,ファジアーノ岡山,東京ヴェルディ,ＦＣ琉球,ザスパクサツ群馬,ＦＣ琉球,アルビレックス新潟,ＦＣ琉球,ツエーゲン金沢,ＦＣ町田ゼルビア,ＦＣ琉球,京都サンガF.C.,ＦＣ琉球,松本山雅ＦＣ,ＦＣ琉球,ＦＣ琉球,徳島ヴォルティス,モンテディオ山形,ＦＣ琉球,ＦＣ琉球,栃木ＳＣ,ＦＣ琉球,大宮アルディージャ,ヴァンフォーレ甲府,ＦＣ琉球,アビスパ福岡,Ｖ・ファーレン長崎,ＦＣ琉球,ジュビロ磐田,ＦＣ琉球,ＦＣ琉球,ＦＣ琉球,ＦＣ琉球,水戸ホーリーホック,ＦＣ琉球,ＦＣ琉球,ＦＣ琉球,ザスパクサツ群馬,ＦＣ琉球,ジェフユナイテッド千葉,ＦＣ琉球,水戸ホーリーホック,ＦＣ琉球,ＦＣ町田ゼルビア,ＦＣ琉球,ＳＣ相模原,ＦＣ琉球,愛媛ＦＣ,ＦＣ琉球,ＦＣ琉球,アルビレックス新潟,ブラウブリッツ秋田,ＦＣ琉球,ファジアーノ岡山,ＦＣ琉球,ツエーゲン金沢,ＦＣ琉球,大宮アルディージャ,ギラヴァンツ北九州,ＦＣ琉球,モンテディオ山形,ＦＣ琉球,Ｖ・ファーレン長崎,京都サンガF.C.,ＦＣ琉球,ジュビロ磐田,ＦＣ琉球,ヴァンフォーレ甲府,ＦＣ琉球,松本山雅ＦＣ,ＦＣ琉球,レノファ山口ＦＣ,ＦＣ琉球,ＦＣ琉球,東京ヴェルディ,ＦＣ琉球,栃木ＳＣ,ＦＣ町田ゼルビア,ＦＣ琉球,ＦＣ琉球,レノファ山口ＦＣ,ＦＣ琉球,大分トリニータ,ＦＣ琉球,横浜ＦＣ,ＦＣ琉球,ＦＣ琉球,ベガルタ仙台,ＦＣ琉球,ＦＣ琉球,ブラウブリッツ秋田,ロアッソ熊本,ＦＣ琉球,ＦＣ琉球,大宮アルディージャ,ＦＣ琉球,モンテディオ山形,ＦＣ琉球,ファジアーノ岡山,ＦＣ琉球,東京ヴェルディ,いわてグルージャ盛岡,ＦＣ琉球,ＦＣ琉球,徳島ヴォルティス,ＦＣ琉球,ヴァンフォーレ甲府,Ｖ・ファーレン長崎,ＦＣ琉球,水戸ホーリーホック,ＦＣ琉球,アルビレックス新潟,ザスパクサツ群馬,ＦＣ琉球,栃木ＳＣ,ＦＣ琉球
Ateam,アビスパ福岡,ＦＣ琉球,愛媛ＦＣ,徳島ヴォルティス,ＦＣ琉球,レノファ山口ＦＣ,ＦＣ琉球,柏レイソル,ＦＣ琉球,ＦＣ琉球,ＦＣ町田ゼルビア,ＦＣ琉球,水戸ホーリーホック,ＦＣ琉球,アルビレックス新潟,ＦＣ琉球,ツエーゲン金沢,ＦＣ琉球,ヴァンフォーレ甲府,ＦＣ琉球,栃木ＳＣ,ファジアーノ岡山,ＦＣ琉球,ＦＣ琉球,ジェフユナイテッド千葉,ＦＣ琉球,Ｖ・ファーレン長崎,横浜ＦＣ,ＦＣ琉球,ＦＣ岐阜,鹿児島ユナイテッドＦＣ,ＦＣ琉球,モンテディオ山形,ＦＣ琉球,ＦＣ琉球,東京ヴェルディ,ＦＣ琉球,大宮アルディージャ,ＦＣ琉球,京都サンガF.C.,ＦＣ琉球,ＦＣ琉球,ＦＣ琉球,アビスパ福岡,ＦＣ琉球,徳島ヴォルティス,Ｖ・ファーレン長崎,ＦＣ琉球,ＦＣ琉球,ジュビロ磐田,ＦＣ琉球,ＦＣ琉球,ヴァンフォーレ甲府,ＦＣ琉球,栃木ＳＣ,ＦＣ琉球,モンテディオ山形,ＦＣ琉球,ＦＣ琉球,大宮アルディージャ,ＦＣ琉球,水戸ホーリーホック,ＦＣ琉球,ジェフユナイテッド千葉,アルビレックス新潟,ＦＣ琉球,ＦＣ琉球,ザスパクサツ群馬,松本山雅ＦＣ,ＦＣ琉球,京都サンガF.C.,ＦＣ琉球,ＦＣ琉球,レノファ山口ＦＣ,ＦＣ琉球,ＦＣ琉球,ギラヴァンツ北九州,ＦＣ琉球,東京ヴェルディ,ツエーゲン金沢,ファジアーノ岡山,愛媛ＦＣ,ＦＣ琉球,ＦＣ町田ゼルビア,ジュビロ磐田,レノファ山口ＦＣ,ＦＣ琉球,Ｖ・ファーレン長崎,ＦＣ琉球,大宮アルディージャ,ＦＣ琉球,東京ヴェルディ,ＦＣ琉球,ヴァンフォーレ甲府,ＦＣ琉球,京都サンガF.C.,ＦＣ琉球,栃木ＳＣ,モンテディオ山形,ＦＣ琉球,ＦＣ琉球,ギラヴァンツ北九州,ＦＣ琉球,松本山雅ＦＣ,ＦＣ琉球,ＳＣ相模原,ＦＣ琉球,ＦＣ琉球,水戸ホーリーホック,ＦＣ琉球,ブラウブリッツ秋田,ＦＣ琉球,ＦＣ琉球,ザスパクサツ群馬,ＦＣ琉球,ファジアーノ岡山,ＦＣ琉球,愛媛ＦＣ,ＦＣ琉球,ＦＣ町田ゼルビア,ＦＣ琉球,ツエーゲン金沢,ジェフユナイテッド千葉,ＦＣ琉球,アルビレックス新潟,ＦＣ琉球,ＦＣ琉球,ジェフユナイテッド千葉,いわてグルージャ盛岡,ＦＣ琉球,水戸ホーリーホック,ＦＣ琉球,東京ヴェルディ,ＦＣ琉球,ファジアーノ岡山,ザスパクサツ群馬,ＦＣ琉球,ツエーゲン金沢,アルビレックス新潟,ＦＣ琉球,ＦＣ琉球,栃木ＳＣ,ヴァンフォーレ甲府,ＦＣ琉球,徳島ヴォルティス,ＦＣ琉球,Ｖ・ファーレン長崎,ＦＣ琉球,ＦＣ町田ゼルビア,ＦＣ琉球,ＦＣ琉球,ベガルタ仙台,大宮アルディージャ,ＦＣ琉球,ロアッソ熊本,ＦＣ琉球,ＦＣ琉球,モンテディオ山形,ＦＣ琉球,ブラウブリッツ秋田,ＦＣ琉球,ＦＣ琉球,レノファ山口ＦＣ,ＦＣ琉球,横浜ＦＣ
Hscore,3,3,2,2,1,2,1,1,1,1,1,2,1,1,2,2,1,2,2,3,3,0,3,4,0,5,3,1,6,1,2,2,3,0,0,1,0,2,1,0,1,2,1,1,4,1,1,4,1,2,1,0,1,0,2,1,1,2,4,5,1,3,1,0,0,1,3,0,2,4,2,0,1,1,3,0,1,3,4,0,1,6,0,0,1,2,0,3,1,0,0,2,3,1,1,0,1,4,0,2,1,3,3,4,1,0,2,1,0,2,2,3,2,0,2,1,1,0,1,0,2,2,2,1,1,1,0,1,1,2,1,4,2,3,3,0,2,1,1,2,0,1,1,1,3,4,1,1,0,2,0,1,1,0,2,5,2,2,0,0,3,0,0,0,0
Ascore,1,4,0,1,1,2,0,1,1,0,1,1,0,0,1,1,1,2,5,2,0,2,1,0,2,1,2,3,1,2,1,2,3,0,1,5,2,3,2,3,2,0,0,1,0,3,1,1,1,2,2,1,2,1,2,0,4,1,2,0,0,2,6,1,1,1,0,1,0,1,1,3,0,0,1,1,1,0,0,2,1,0,2,1,0,1,2,1,2,0,2,0,0,0,5,0,1,2,2,1,1,0,0,0,2,1,2,2,1,2,1,1,1,1,0,1,0,1,2,0,0,1,2,1,1,2,0,2,2,3,2,1,5,1,3,1,0,1,1,1,2,0,1,0,3,0,2,0,1,1,1,1,1,0,0,2,3,2,0,1,0,0,1,0,1
HorA,1,0,1,1,0,1,0,1,0,0,1,0,1,0,1,0,1,0,1,0,1,1,0,0,1,0,1,1,0,1,1,0,1,0,0,1,0,1,0,1,0,0,0,1,0,1,1,0,0,1,0,0,1,0,1,0,1,0,0,1,0,1,0,1,1,0,0,1,1,0,1,0,0,1,0,0,1,0,1,1,1,1,0,1,1,1,0,1,0,1,0,1,0,1,0,1,0,1,1,0,0,1,0,1,0,1,0,0,1,0,1,0,0,1,0,1,0,1,0,1,0,1,1,0,1,0,0,1,1,0,1,0,1,0,1,1,0,1,1,0,0,1,1,0,1,0,1,0,1,0,0,1,1,0,1,0,0,1,0,1,0,0,1,0,1
WorL,3,3,3,3,0,0,0,0,0,0,0,0,3,0,3,0,0,0,0,0,3,0,0,0,0,0,3,0,0,0,3,0,0,0,3,0,3,0,3,0,3,0,0,0,0,0,0,0,0,0,3,3,0,3,0,0,0,0,0,3,0,3,3,0,0,0,0,0,3,0,3,3,0,3,0,3,0,0,3,0,0,3,3,0,3,3,3,3,3,0,3,3,0,3,3,0,0,3,0,0,0,3,0,3,3,0,0,3,0,0,3,0,0,0,0,0,0,0,3,0,0,3,0,0,0,3,0,0,0,3,0,0,0,0,0,0,0,0,0,0,3,3,0,0,0,0,0,0,0,0,3,0,0,0,3,0,3,0,0,0,0,0,0,0,0
Date,2019.2.24 16:00 Kick Off,2019.3.2 14:00 Kick Off,2019.3.10 16:00 Kick Off,2019.3.16 18:00 Kick Off,2019.3.24 14:00 Kick Off,2019.3.30 18:00 Kick Off,2019.4.3 19:00 Kick Off,2019.4.7 16:00 Kick Off,2019.4.13 14:00 Kick Off,2019.4.21 13:00 Kick Off,2019.4.27 19:30 Kick Off,2019.5.5 18:00 Kick Off,2019.5.11 18:00 Kick Off,2019.5.19 17:00 Kick Off,2019.5.25 19:30 Kick Off,2019.6.2 14:00 Kick Off,2019.6.8 19:30 Kick Off,2019.6.15 19:00 Kick Off,2019.6.22 18:00 Kick Off,2019.6.29 18:00 Kick Off,2019.7.6 19:00 Kick Off,2019.7.13 19:00 Kick Off,2019.7.21 18:00 Kick Off,2019.7.27 19:00 Kick Off,2019.7.31 19:00 Kick Off,2019.8.4 19:00 Kick Off,2019.8.10 19:00 Kick Off,2019.8.17 19:00 Kick Off,2019.8.24 19:00 Kick Off,2019.8.31 19:00 Kick Off,2019.9.7 19:00 Kick Off,2019.9.14 18:00 Kick Off,2019.9.23 19:00 Kick Off,2019.9.29 16:00 Kick Off,2019.10.5 16:05 Kick Off,2019.10.12 18:00 Kick Off,2019.10.20 14:00 Kick Off,2019.10.27 13:00 Kick Off,2019.11.3 16:00 Kick Off,2019.11.10 16:00 Kick Off,2019.11.16 14:00 Kick Off,2019.11.24 14:00 Kick Off,2020.2.23 14:00 Kick Off,2020.6.28 18:30 Kick Off,2020.7.4 19:00 Kick Off,2020.7.11 18:30 Kick Off,2020.7.15 19:00 Kick Off,2020.7.18 19:00 Kick Off,2020.7.25 19:00 Kick Off,2020.7.29 19:00 Kick Off,2020.8.1 19:00 Kick Off,2020.8.8 18:00 Kick Off,2020.8.12 19:00 Kick Off,2020.8.16 19:00 Kick Off,2020.8.19 19:00 Kick Off,2020.8.23 18:00 Kick Off,2020.8.29 19:00 Kick Off,2020.9.2 19:00 Kick Off,2020.9.6 19:00 Kick Off,2020.9.9 19:00 Kick Off,2020.9.13 18:30 Kick Off,2020.9.19 19:00 Kick Off,2020.9.23 19:00 Kick Off,2020.9.27 18:30 Kick Off,2020.9.30 19:00 Kick Off,2020.10.3 19:00 Kick Off,2020.10.10 14:00 Kick Off,2020.10.14 19:00 Kick Off,2020.10.17 18:30 Kick Off,2020.10.21 19:30 Kick Off,2020.10.25 18:30 Kick Off,2020.11.1 14:00 Kick Off,2020.11.4 19:00 Kick Off,2020.11.8 16:00 Kick Off,2020.11.11 19:00 Kick Off,2020.11.15 14:00 Kick Off,2020.11.21 16:00 Kick Off,2020.11.25 19:30 Kick Off,2020.11.29 13:00 Kick Off,2020.12.2 19:00 Kick Off,2020.12.6 13:00 Kick Off,2020.12.13 16:00 Kick Off,2020.12.16 19:00 Kick Off,2020.12.20 14:00 Kick Off,2021.2.28 15:00 Kick Off,2021.3.6 16:00 Kick Off,2021.3.14 14:00 Kick Off,2021.3.20 16:00 Kick Off,2021.3.27 14:00 Kick Off,2021.4.3 17:00 Kick Off,2021.4.11 14:00 Kick Off,2021.4.17 17:00 Kick Off,2021.4.21 19:00 Kick Off,2021.4.25 17:00 Kick Off,2021.5.1 15:00 Kick Off,2021.5.5 18:00 Kick Off,2021.5.8 18:00 Kick Off,2021.5.15 18:00 Kick Off,2021.5.22 18:00 Kick Off,2021.5.30 14:00 Kick Off,2021.6.5 15:00 Kick Off,2021.6.13 19:00 Kick Off,2021.6.19 19:00 Kick Off,2021.6.26 18:30 Kick Off,2021.7.3 19:00 Kick Off,2021.7.11 18:30 Kick Off,2021.7.18 19:00 Kick Off,2021.8.9 19:00 Kick Off,2021.8.14 18:30 Kick Off,2021.8.22 19:00 Kick Off,2021.8.28 18:30 Kick Off,2021.9.4 19:00 Kick Off,2021.9.11 18:30 Kick Off,2021.9.18 19:00 Kick Off,2021.9.25 19:00 Kick Off,2021.10.2 18:30 Kick Off,2021.10.9 14:00 Kick Off,2021.10.16 18:30 Kick Off,2021.10.24 15:00 Kick Off,2021.10.30 18:30 Kick Off,2021.11.3 14:00 Kick Off,2021.11.7 16:00 Kick Off,2021.11.13 16:00 Kick Off,2021.11.21 14:00 Kick Off,2021.11.28 13:00 Kick Off,2021.12.5 13:00 Kick Off,2022.2.20 14:00 Kick Off,2022.2.26 15:00 Kick Off,2022.3.5 16:00 Kick Off,2022.3.12 14:00 Kick Off,2022.3.19 16:00 Kick Off,2022.3.23 19:00 Kick Off,2022.3.30 19:00 Kick Off,2022.4.3 14:00 Kick Off,2022.4.9 17:00 Kick Off,2022.4.16 17:00 Kick Off,2022.4.23 14:00 Kick Off,2022.4.27 19:00 Kick Off,2022.4.30 18:00 Kick Off,2022.5.4 13:00 Kick Off,2022.5.8 13:00 Kick Off,2022.5.14 19:00 Kick Off,2022.5.21 19:00 Kick Off,2022.5.25 19:00 Kick Off,2022.5.29 18:30 Kick Off,2022.6.5 14:00 Kick Off,2022.6.11 18:30 Kick Off,2022.6.18 19:00 Kick Off,2022.6.26 18:30 Kick Off,2022.7.3 18:00 Kick Off,2022.7.6 18:00 Kick Off,2022.7.10 19:00 Kick Off,2022.7.17 18:30 Kick Off,2022.7.23 18:00 Kick Off,2022.7.30 18:30 Kick Off,2022.8.6 18:00 Kick Off,2022.8.13 19:00 Kick Off,2022.8.20 18:30 Kick Off,2022.8.27 18:00 Kick Off,2022.9.3 13:00 Kick Off,2022.9.10 18:00 Kick Off,2022.9.14 19:00 Kick Off,2022.9.18 18:30 Kick Off,2022.9.25 18:00 Kick Off,2022.10.1 18:30 Kick Off
Wether,曇時々雨,晴,曇,曇,晴,晴,晴,曇,晴,晴,晴,晴,晴,曇,晴,曇,曇時々雨,雨のち曇,雨,曇のち雨,晴,曇,曇,曇のち雨,曇のち晴,晴,雨,晴,曇,晴,曇時々雨,晴,曇,晴,晴,曇,曇,曇のち雨,曇,晴,晴,晴,晴,晴,曇,晴,曇のち雨,曇,晴,曇,雨,晴,晴,晴,晴,晴,晴,晴,雨のち曇,晴,曇,晴,曇,曇時々雨,雨のち曇,晴,曇,晴,晴,晴,晴,晴のち曇,晴,曇のち雨,晴,晴時々曇,晴,晴,晴,晴,曇,晴,晴,曇のち晴,曇時々雨,曇のち雨,晴,曇,晴,曇,晴,晴,晴,晴,曇のち雷雨時々晴,雨,曇,晴,雨,晴,晴,雨一時曇,晴,晴,曇,雨のち晴,晴,曇,晴,曇時々雨,晴,晴,晴,晴,晴,晴,晴,晴,晴,晴,晴時々曇,晴,雨,曇,曇,晴,曇のち雨,曇のち晴,晴,曇時々晴,曇,屋内,曇,雨,晴,晴,晴,曇一時雨,曇,晴,晴,雨,晴,曇,晴,晴,曇,晴,晴,曇,晴,晴,曇,晴,晴時々雨,晴,晴,晴,晴,雨,晴,晴,曇時々雨,晴,晴
Grass_condition,全面良芝,全面良芝,全面良芝,全面良芝,全面良芝,全面良芝,全面良芝,全面良芝,全面良芝,全面良芝,全面良芝,全面良芝,全面良芝,全面良芝,全面良芝,全面良芝,全面良芝,全面良芝,全面良芝,全面良芝,全面良芝,全面良芝,全面良芝,全面良芝,全面良芝,全面良芝,全面良芝,全面良芝,全面良芝,全面良芝,全面良芝,全面良芝,全面良芝,全面良芝,全面良芝,全面良芝,良芝,全面良芝,全面良芝,良芝,全面良芝,全面良芝,全面良芝,全面良芝,全面良芝,全面良芝,全面良芝,全面良芝,全面良芝,全面良芝,全面良芝,全面良芝,全面良芝,全面良芝,全面良芝,全面良芝,全面良芝,全面良芝,全面良芝,全面良芝,全面良芝,全面良芝,全面良芝,全面良芝,全面良芝,全面良芝,全面良芝,全面良芝,全面良芝,全面良芝,全面良芝,全面良芝,全面良芝,全面良芝,全面良芝,全面良芝,全面良芝,全面良芝,全面良芝,全面良芝,全面良芝,全面良芝,全面良芝,全面良芝,全面良芝,全面良芝,全面良芝,全面良芝,全面良芝,全面良芝,全面良芝,全面良芝,全面良芝,全面良芝,全面良芝,全面良芝,全面良芝,全面良芝,全面良芝,全面良芝,全面良芝,全面良芝,全面良芝,全面良芝,全面良芝,全面良芝,全面良芝,全面良芝,全面良芝,全面良芝,全面良芝,全面良芝,全面良芝,全面良芝,全面良芝,全面良芝,全面良芝,全面良芝,全面良芝,全面良芝,全面良芝,全面良芝,全面良芝,全面良芝,全面良芝,全面良芝,全面良芝,全面良芝,全面良芝,全面良芝,全面良芝,全面良芝,全面良芝,全面良芝,全面良芝,全面良芝,全面良芝,全面良芝,全面良芝,良芝,全面良芝,全面良芝,全面良芝,全面良芝,全面良芝,全面良芝,全面良芝,全面良芝,全面良芝,全面良芝,全面良芝,全面良芝,全面良芝,全面良芝,全面良芝,全面良芝,全面良芝,全面良芝,良芝,全面良芝,全面良芝,全面良芝,全面良芝,全面良芝,全面良芝
Spectators,"7,385人","7,867人","2,428人","3,460人","6,411人","3,789人","8,313人","7,913人","4,847人","4,521人","4,855人","6,692人","3,908人","7,196人","5,107人","4,433人","3,403人","4,533人","3,952人","6,619人","3,082人","4,063人","4,432人","14,088人","3,705人","8,441人","2,677人","12,019人","4,567人","6,163人","2,683人","13,070人","3,086人","3,848人","5,015人","4,806人","6,255人","8,002人","6,099人","7,523人","4,229人","11,352人","9,701人",0人,0人,"1,355人",671人,"1,631人","1,442人",766人,"2,099人","2,281人",0人,"1,028人",0人,"4,476人",0人,"1,149人",880人,744人,"2,972人","1,267人","3,270人","1,464人",695人,"3,133人","2,529人",663人,"1,559人","1,382人","1,442人","3,273人","2,403人","1,084人","2,640人","6,004人","2,049人","2,408人","1,560人",689人,"1,609人","3,246人","1,878人","2,546人","3,871人","1,086人","2,258人","1,917人","4,169人","2,749人","2,401人","2,308人","1,432人","2,333人","1,608人","2,437人","1,317人","2,188人","1,627人","14,759人","2,030人",0人,"3,106人",0人,"2,512人",0人,"4,567人","2,577人",0人,"4,776人",0人,"3,679人","4,405人",559人,"4,977人","1,815人","4,419人","1,782人","6,728人","2,313人","3,512人","1,934人","1,701人","4,361人","3,361人","5,676人","2,456人","2,234人","1,249人","2,694人","1,543人","3,420人","1,254人","2,508人","1,551人","1,521人","6,657人",926人,"1,793人","2,019人","3,140人","1,798人","1,963人","3,526人","2,033人","5,849人","1,423人","6,251人","1,907人","2,520人","1,044人","2,012人","2,285人","3,575人","4,537人","5,796人","6,227人","3,392人","3,126人",608人,"16,336人","1,882人","1,810人","3,530人","2,728人"
temperature,21.1℃,13.6℃,21.5℃,19℃,5.1℃,23.3℃,9.5℃,26.9℃,16.2℃,26℃,22℃,22.3℃,25.6℃,23.7℃,25.1℃,24.5℃,28.7℃,20.9℃,27.4℃,27.4℃,27.8℃,29.8℃,22.9℃,29.6℃,30.1℃,29.1℃,27.8℃,27.8℃,25.4℃,29.7℃,27.8℃,27.8℃,27.1℃,27.1℃,26.4℃,26.7℃,23℃,26.3℃,18℃,24.4℃,20.6℃,23℃,15.3℃,30.1℃,23.8℃,30.7℃,30.3℃,25.2℃,26.2℃,31℃,28.3℃,29.7℃,30.6℃,30.8℃,30.3℃,27.1℃,30.1℃,31.7℃,25.1℃,27.2℃,24.7℃,28.4℃,20.7℃,26.2℃,25.9℃,23.8℃,18.7℃,26.6℃,26.4℃,12.5℃,23.6℃,20.2℃,8.7℃,24.6℃,13.8℃,21.9℃,24.8℃,14.5℃,22.5℃,22.3℃,22.1℃,21.9℃,-3.1℃,18.7℃,23.4℃,21.6℃,13.6℃,26.5℃,19.8℃,24.9℃,18.3℃,23.8℃,15℃,23.5℃,18.3℃,24.7℃,20.5℃,28.1℃,27℃,19.7℃,23.2℃,27.6℃,22.8℃,29.7℃,25℃,29.4℃,28.5℃,26.7℃,29.4℃,28.6℃,29.5℃,26.1℃,25.5℃,29.2℃,24℃,28℃,29.6℃,28℃,15.7℃,25.5℃,20.2℃,25.6℃,21.4℃,15.5℃,23℃,8.7℃,9.5℃,21.4℃,23.6℃,20.5℃,20.7℃,8.6℃,23.7℃,9.6℃,23℃,21.2℃,19℃,26.7℃,23.2℃,18.1℃,27.7℃,24℃,24.5℃,21.8℃,28.5℃,24.1℃,26.3℃,25.3℃,29.1℃,27.9℃,27℃,30.8℃,29.8℃,28.7℃,29.6℃,28.1℃,28.7℃,31.6℃,26.7℃,27.9℃,26.4℃,25.4℃,28.2℃,20.9℃,28.9℃
TimeLine1,56.6%,56.9%,36.8%,68.1%,57.5%,55.4%,54.6%,50.4%,44.9%,55.2%,57.3%,52.4%,66.9%,58.9%,64.3%,42.2%,52.9%,23.2%,79.6%,59.5%,59.3%,55.3%,61.5%,57.5%,50.5%,47.4%,61.4%,35.9%,48.4%,50.2%,49.0%,59.0%,53.1%,51.7%,62.4%,59.6%,54.7%,48.9%,60.1%,59.1%,60.1%,73.9%,68.5%,70.0%,45.4%,48.4%,51.6%,57.3%,54.0%,42.7%,64.5%,46.2%,58.6%,48.1%,65.9%,37.4%,66.7%,48.9%,52.2%,65.2%,47.7%,58.0%,68.4%,52.6%,53.1%,47.3%,43.6%,70.3%,67.0%,49.6%,57.6%,40.0%,47.2%,66.3%,66.2%,53.1%,44.0%,52.9%,45.9%,65.9%,63.3%,52.4%,38.2%,58.0%,46.1%,47.0%,55.3%,45.5%,53.9%,55.6%,52.2%,53.0%,46.7%,41.9%,70.2%,59.6%,39.5%,73.4%,55.1%,40.3%,58.5%,42.6%,66.7%,53.8%,49.5%,68.0%,47.2%,42.8%,50.0%,72.6%,66.7%,41.6%,38.8%,57.8%,48.2%,43.6%,45.2%,54.4%,65.4%,69.7%,54.6%,63.7%,41.8%,43.7%,39.5%,76.4%,47.6%,59.0%,68.1%,33.6%,47.1%,42.6%,43.3%,35.6%,61.4%,71.0%,40.9%,48.7%,48.3%,54.4%,54.4%,60.3%,66.4%,75.0%,47.2%,49.1%,49.9%,46.0%,48.4%,26.3%,53.6%,41.7%,50.5%,26.4%,35.9%,32.0%,43.6%,36.8%,39.9%,51.7%,29.1%,54.0%,35.9%,59.6%,40.2%
TimeLine2,43.7%,58.8%,38.4%,53.5%,58.7%,63.4%,45.2%,56.0%,47.6%,56.4%,55.4%,46.8%,60.4%,58.4%,51.4%,59.5%,62.9%,27.0%,59.0%,64.1%,38.1%,62.3%,59.3%,60.0%,50.9%,32.4%,61.1%,40.2%,47.3%,68.6%,50.4%,50.1%,58.2%,50.0%,37.0%,46.8%,72.2%,52.5%,47.4%,55.5%,48.2%,77.7%,62.1%,32.0%,53.2%,45.4%,43.6%,48.7%,50.4%,26.8%,67.9%,57.6%,54.7%,63.7%,69.5%,44.8%,51.1%,43.2%,58.1%,31.4%,42.9%,54.8%,61.4%,56.3%,50.1%,47.2%,62.1%,78.0%,51.2%,59.5%,58.9%,54.7%,46.4%,56.5%,62.8%,47.9%,33.0%,42.2%,37.2%,47.9%,66.3%,54.3%,64.8%,72.3%,41.9%,58.5%,49.8%,51.2%,61.4%,36.1%,37.7%,40.2%,52.9%,55.4%,65.3%,51.9%,43.6%,71.8%,48.0%,51.1%,45.2%,57.7%,52.6%,75.0%,54.9%,53.9%,54.0%,43.9%,54.4%,33.7%,61.1%,59.0%,41.9%,63.5%,45.1%,53.6%,35.6%,51.5%,62.6%,53.9%,49.2%,70.1%,39.2%,55.5%,39.0%,76.7%,44.5%,51.5%,48.7%,54.5%,69.1%,30.1%,44.3%,45.7%,60.4%,67.9%,30.4%,60.8%,27.6%,63.0%,41.7%,59.2%,56.2%,65.1%,44.9%,55.6%,45.4%,63.6%,41.0%,25.0%,51.4%,46.2%,49.8%,26.9%,31.3%,32.0%,35.0%,25.1%,34.5%,58.0%,26.8%,54.9%,29.2%,20.5%,48.6%
TimeLine3,32.3%,63.0%,42.1%,37.9%,65.3%,65.3%,49.0%,62.9%,51.2%,55.6%,45.1%,44.6%,47.5%,62.1%,57.9%,39.3%,58.9%,42.5%,60.2%,56.6%,52.5%,69.2%,55.9%,48.3%,38.2%,42.4%,58.6%,56.4%,59.1%,61.2%,55.3%,58.4%,29.2%,48.7%,48.3%,51.7%,69.0%,63.0%,46.3%,70.9%,66.5%,75.4%,69.4%,47.9%,47.1%,44.1%,49.4%,67.0%,52.2%,31.0%,68.4%,53.3%,64.4%,52.4%,70.0%,51.7%,54.5%,71.9%,50.7%,37.8%,48.7%,42.0%,57.0%,64.8%,59.4%,28.5%,53.8%,62.7%,70.0%,64.4%,35.0%,33.7%,36.5%,57.1%,42.4%,46.1%,35.6%,57.8%,39.0%,68.3%,53.2%,45.5%,46.1%,72.9%,31.2%,45.2%,58.3%,39.9%,61.2%,44.9%,43.4%,51.6%,57.1%,63.4%,65.9%,43.0%,58.1%,75.2%,57.9%,35.2%,50.2%,50.7%,43.1%,55.2%,53.9%,47.2%,47.0%,49.9%,52.3%,47.2%,77.9%,54.3%,37.3%,68.1%,48.4%,59.0%,50.2%,63.7%,59.5%,50.0%,49.2%,70.7%,41.1%,41.5%,40.1%,61.2%,51.3%,67.7%,44.6%,41.1%,70.7%,49.9%,46.9%,35.0%,44.4%,63.0%,43.3%,57.4%,37.7%,55.0%,57.2%,54.8%,38.6%,69.3%,69.2%,51.8%,46.6%,55.0%,53.3%,40.3%,48.1%,55.9%,30.3%,25.1%,35.4%,46.5%,42.3%,30.2%,51.4%,60.4%,20.9%,46.1%,38.0%,47.2%,32.4%
TimeLine4,41.3%,51.8%,42.5%,34.7%,62.1%,54.6%,65.4%,52.4%,59.5%,49.3%,50.6%,43.4%,39.4%,43.9%,43.4%,51.4%,62.4%,28.4%,60.7%,55.0%,40.6%,68.9%,70.4%,55.3%,64.6%,40.1%,49.3%,38.3%,40.6%,65.7%,35.4%,58.2%,49.1%,46.2%,50.4%,52.9%,68.2%,64.0%,43.1%,48.5%,52.3%,50.1%,61.5%,47.9%,35.3%,47.2%,66.8%,52.4%,45.3%,30.1%,63.0%,47.5%,54.8%,46.4%,77.1%,66.4%,57.2%,62.0%,58.0%,45.7%,49.9%,42.8%,60.3%,66.0%,29.1%,28.9%,61.3%,52.2%,52.0%,59.7%,55.0%,39.3%,54.1%,58.8%,62.3%,51.4%,58.5%,54.5%,26.1%,58.4%,59.7%,51.8%,58.3%,54.3%,42.2%,43.4%,57.3%,36.7%,56.7%,53.3%,48.0%,63.1%,59.9%,33.9%,52.3%,47.1%,49.3%,85.8%,59.7%,43.4%,65.0%,45.1%,64.5%,58.6%,49.5%,49.7%,55.5%,45.3%,55.3%,54.9%,73.6%,62.5%,40.7%,68.4%,58.5%,60.0%,54.3%,78.2%,64.1%,55.9%,58.7%,64.4%,40.2%,37.4%,41.6%,67.9%,64.9%,51.7%,49.5%,54.5%,38.8%,36.1%,39.2%,46.8%,42.7%,65.7%,50.1%,65.2%,50.8%,68.3%,41.7%,53.8%,49.5%,50.6%,47.7%,54.8%,62.0%,61.6%,46.5%,42.8%,47.2%,42.9%,47.8%,30.3%,45.4%,62.4%,46.4%,30.0%,32.9%,51.6%,30.6%,55.7%,40.8%,55.6%,59.1%
TimeLine5,47.8%,40.5%,46.5%,67.0%,62.4%,68.1%,49.6%,46.4%,70.2%,51.0%,45.5%,53.5%,49.0%,69.1%,49.9%,48.6%,59.8%,49.7%,61.4%,57.3%,36.6%,62.7%,50.5%,67.9%,58.4%,61.8%,50.8%,40.9%,36.2%,69.0%,29.7%,49.6%,55.5%,53.8%,44.7%,56.5%,64.2%,74.3%,44.6%,39.1%,54.3%,69.5%,74.9%,59.0%,54.8%,39.9%,57.9%,63.8%,67.8%,33.3%,62.4%,46.6%,56.3%,37.8%,72.1%,69.5%,54.8%,67.2%,53.1%,34.1%,70.6%,28.8%,57.3%,56.8%,58.4%,30.9%,65.5%,72.6%,49.2%,66.5%,43.4%,39.3%,65.7%,45.1%,64.9%,51.7%,57.2%,50.1%,21.8%,71.0%,33.3%,44.6%,43.6%,71.2%,32.5%,52.9%,49.0%,56.3%,72.3%,49.7%,45.0%,61.6%,48.2%,42.6%,35.9%,59.2%,52.3%,78.6%,64.0%,47.4%,60.1%,50.8%,51.0%,54.6%,43.9%,49.1%,44.3%,54.8%,38.5%,58.7%,64.0%,56.7%,35.6%,80.8%,59.1%,56.4%,63.0%,63.3%,60.1%,42.8%,66.6%,53.6%,62.4%,31.6%,41.6%,60.5%,44.7%,60.3%,66.6%,47.1%,52.5%,39.1%,54.4%,43.6%,51.1%,76.5%,60.2%,57.1%,50.6%,63.3%,51.0%,44.8%,40.5%,65.4%,52.1%,43.7%,39.9%,50.0%,60.6%,36.0%,53.4%,24.4%,50.2%,31.5%,34.2%,57.4%,45.6%,22.0%,37.0%,61.7%,27.5%,51.1%,50.7%,74.4%,37.0%
TimeLine6,32.9%,39.9%,42.2%,37.5%,52.1%,53.2%,59.9%,56.6%,57.8%,50.3%,55.2%,60.1%,36.1%,57.0%,43.7%,47.6%,56.8%,35.0%,62.7%,56.9%,54.0%,52.3%,58.1%,69.6%,62.2%,52.7%,47.0%,79.2%,42.8%,69.1%,35.5%,59.1%,63.3%,54.7%,56.6%,56.5%,62.9%,58.5%,45.5%,56.7%,57.4%,70.3%,69.3%,53.8%,46.7%,50.4%,48.5%,67.2%,49.8%,36.4%,60.5%,34.5%,58.3%,45.4%,78.1%,66.9%,66.4%,50.3%,55.7%,55.3%,55.7%,57.5%,44.2%,72.2%,55.5%,28.5%,45.5%,62.3%,41.5%,72.4%,53.0%,27.8%,67.8%,27.5%,70.3%,45.0%,50.2%,59.2%,36.7%,68.9%,52.9%,63.1%,34.8%,56.2%,36.1%,46.6%,50.2%,45.5%,48.6%,53.2%,43.8%,40.4%,64.5%,46.7%,41.2%,48.2%,53.8%,52.2%,59.2%,52.3%,59.5%,36.8%,66.2%,44.5%,35.5%,62.4%,43.2%,52.0%,53.8%,60.1%,59.8%,52.6%,42.1%,73.2%,62.8%,61.2%,58.8%,68.5%,55.1%,38.6%,55.6%,46.7%,41.8%,32.4%,26.2%,51.6%,48.6%,64.5%,56.6%,37.3%,65.4%,44.5%,45.1%,57.3%,58.5%,61.1%,57.7%,65.1%,42.9%,60.5%,37.1%,53.7%,42.3%,70.3%,48.0%,59.3%,44.4%,54.2%,63.8%,42.6%,42.0%,34.7%,51.8%,35.4%,27.8%,46.2%,42.6%,29.7%,38.7%,62.3%,19.2%,46.4%,69.0%,54.0%,57.1%
Attack_CBP,14.64,15.44,13.18,14.74,17.33,16.12,18.33,14.19,24.93,15.97,10.26,19.12,16.71,21.61,15.53,18.57,20.17,11.01,22.87,23.76,19.29,15.98,16.71,26.39,14.68,15.89,18.70,15.10,16.14,30.07,15.28,16.61,16.24,9.58,17.40,21.44,13.80,15.00,12.94,16.83,20.41,24.71,33.85,11.91,16.31,21.02,25.50,27.63,17.50,10.94,25.23,17.25,20.62,16.17,24.59,14.83,24.47,21.34,25.51,14.80,17.05,18.66,18.16,24.29,20.93,14.90,18.55,17.93,19.00,17.43,15.66,9.83,21.93,17.62,21.08,16.62,15.24,20.15,14.45,25.58,17.94,30.42,18.72,23.42,7.52,17.45,12.16,13.37,19.66,18.06,13.48,29.68,21.50,14.79,22.65,13.55,18.41,21.95,27.65,15.74,14.31,16.70,26.58,25.52,13.72,24.35,15.90,19.71,15.58,23.49,22.11,19.39,8.81,25.81,20.87,15.75,15.34,26.96,17.41,13.27,17.47,20.07,13.29,9.87,8.83,15.12,11.68,17.15,19.30,11.90,14.54,13.90,14.11,16.21,14.85,15.81,12.42,16.24,13.71,14.97,11.61,15.26,10.80,20.64,21.49,15.84,9.62,13.76,9.22,6.87,5.78,13.56,9.24,7.22,5.83,15.67,15.17,8.53,9.55,13.86,3.59,9.10,9.57,14.05,11.54
Pass_CBP,11.56,10.76,10.56,13.54,15.26,13.53,15.17,11.82,21.00,12.99,6.79,16.17,15.53,15.12,13.06,15.75,17.37,10.15,20.93,20.73,16.36,14.84,14.75,21.31,12.58,13.93,16.18,13.50,12.66,24.23,11.98,14.11,15.09,7.54,15.70,15.49,12.73,14.07,10.58,15.89,16.14,21.80,28.70,10.57,13.41,18.06,20.63,25.11,15.55,9.64,20.85,15.76,18.65,14.90,21.52,12.43,20.56,19.87,22.86,12.25,16.32,16.03,17.39,19.35,16.95,12.24,14.37,16.28,15.57,14.07,15.33,8.19,19.72,15.42,17.21,15.72,12.97,18.09,12.06,22.05,15.20,24.60,15.99,20.10,6.46,14.97,10.97,12.18,16.56,15.56,10.60,21.53,19.10,12.64,18.53,11.61,15.07,20.17,22.55,14.12,12.98,14.43,21.42,21.39,11.48,22.03,12.77,17.06,13.84,22.66,19.38,18.31,7.27,22.45,19.58,13.13,13.33,22.88,13.76,11.85,15.39,18.63,10.42,8.87,8.70,13.05,10.78,15.04,14.54,10.27,12.92,12.32,11.69,15.11,10.48,13.14,11.22,12.51,12.63,12.10,8.83,12.39,8.28,16.86,13.74,14.27,8.86,11.86,7.20,6.34,4.61,10.78,6.53,6.18,5.20,11.25,9.26,6.62,7.50,10.80,3.07,7.12,8.25,12.25,8.28
Cross_CBP,1.45,2.89,2.29,0.57,1.09,1.64,0.53,1.11,1.64,1.61,2.25,2.08,0.51,3.17,1.68,2.05,1.56,0.46,1.07,2.07,1.68,0.54,1.42,3.88,1.08,1.52,1.08,0.00,1.16,3.14,1.96,0.51,0.00,0.45,0.00,3.14,0.00,0.60,0.64,0.00,2.17,2.23,3.69,0.95,1.54,1.52,2.25,0.50,1.13,0.44,2.65,0.50,1.73,1.03,1.50,1.38,2.11,0.00,1.12,1.11,0.46,1.60,0.00,4.10,2.36,1.68,2.46,1.36,1.59,1.54,0.00,1.64,1.65,1.03,1.67,0.44,1.72,0.53,1.59,2.15,2.18,3.76,1.05,2.16,0.60,2.44,0.95,1.19,2.67,1.59,2.08,5.47,1.51,1.67,3.61,1.79,2.81,1.56,3.52,1.51,0.48,1.70,4.31,2.89,1.01,1.47,2.06,1.58,1.18,0.00,2.09,1.08,0.97,2.03,1.19,2.59,1.45,3.96,3.47,0.51,1.58,1.09,2.61,1.00,0.00,1.09,0.52,1.07,2.64,1.04,0.47,0.98,2.11,0.53,3.39,2.06,1.07,2.56,0.53,1.61,2.33,1.58,1.50,2.63,5.48,0.54,0.53,0.99,1.94,0.00,0.59,2.03,1.09,1.04,0.50,3.07,4.32,1.66,1.68,2.01,0.00,1.52,1.32,1.05,2.62
Dribble_CBP,1.63,1.78,0.32,0.63,0.98,0.95,2.63,1.26,2.29,1.38,1.22,0.87,0.67,3.32,0.79,0.77,1.24,0.40,0.87,0.96,1.25,0.60,0.55,1.20,1.02,0.43,1.44,1.60,2.32,2.70,1.34,1.99,1.15,1.59,1.70,2.81,1.07,0.34,1.73,0.94,2.11,0.68,1.46,0.39,1.36,1.44,2.62,2.02,0.82,0.85,1.74,0.99,0.24,0.24,1.57,1.01,1.79,1.47,1.54,1.44,0.27,1.03,0.77,0.84,1.63,0.98,1.71,0.29,1.83,1.81,0.33,0.00,0.57,1.16,2.19,0.46,0.54,1.54,0.80,1.39,0.56,2.06,1.69,1.15,0.46,0.04,0.24,0.00,0.43,0.90,0.79,2.68,0.90,0.48,0.50,0.15,0.53,0.22,1.58,0.11,0.85,0.56,0.84,1.23,1.23,0.85,1.08,1.07,0.56,0.83,0.64,0.00,0.58,1.33,0.10,0.03,0.56,0.12,0.18,0.91,0.50,0.35,0.26,0.00,0.12,0.97,0.37,1.04,2.12,0.59,1.15,0.60,0.31,0.56,0.98,0.60,0.13,1.17,0.55,1.26,0.45,1.29,1.02,1.16,2.27,1.03,0.23,0.91,0.08,0.54,0.57,0.74,1.62,0.00,0.12,1.35,1.60,0.26,0.36,1.05,0.51,0.46,0.00,0.74,0.64
Shots_CBP,8.65,7.58,6.87,8.05,5.92,7.76,7.22,7.84,13.32,6.14,4.78,4.84,11.40,10.11,7.26,4.98,15.09,7.51,9.11,8.20,11.14,2.20,7.59,8.91,6.39,7.01,11.55,7.51,2.24,13.50,11.24,7.04,9.58,3.63,2.48,7.11,7.25,5.68,9.02,7.03,8.14,0.00,12.37,6.08,6.38,8.59,11.69,10.15,4.82,8.27,10.12,6.06,2.82,4.47,8.61,2.32,9.39,4.93,7.13,9.87,2.57,9.67,14.12,1.40,3.86,9.02,5.55,3.79,9.13,5.61,7.33,10.05,4.95,9.33,5.26,9.33,5.95,2.45,9.93,4.71,2.88,23.07,9.59,2.24,2.33,8.55,6.06,7.45,6.25,0.00,9.71,6.84,5.97,4.62,14.74,2.49,2.30,7.87,6.30,6.09,4.73,11.47,8.71,7.22,6.82,4.63,11.97,4.63,3.37,10.64,7.22,3.99,2.78,12.03,2.55,3.55,3.25,8.66,6.46,5.90,5.04,7.24,7.17,3.56,6.63,5.44,3.65,6.47,8.89,9.06,4.57,3.72,7.09,6.27,8.21,2.17,3.21,4.88,11.24,3.73,3.21,6.21,2.62,6.89,9.92,6.37,6.55,6.40,1.20,3.25,2.63,6.97,4.90,2.31,4.92,5.71,7.09,4.01,6.20,6.19,1.93,2.82,5.44,5.15,4.98
Score_CBP,7.24,12.64,7.23,6.79,0.31,3.84,0.00,2.90,4.23,0.00,2.90,4.12,2.61,0.00,8.16,3.31,2.61,6.92,6.24,8.06,7.28,0.00,2.61,0.00,0.00,3.18,11.88,3.89,5.06,3.18,7.54,6.19,6.93,0.00,2.61,5.09,7.05,6.02,7.43,0.00,7.13,0.00,0.00,5.04,0.00,2.93,2.93,5.25,2.61,6.40,5.72,0.31,0.31,1.31,5.87,0.00,2.61,3.17,3.22,15.75,0.00,9.48,17.39,0.00,0.00,2.61,0.00,0.00,6.76,2.93,6.54,10.79,0.00,0.31,3.86,2.93,2.61,0.00,12.00,0.00,1.23,17.22,7.98,0.00,3.41,5.55,4.19,9.78,6.01,0.00,5.34,2.92,0.00,2.92,11.79,0.00,3.22,14.63,0.00,2.92,3.93,8.24,0.00,14.91,4.52,0.00,5.93,5.85,0.00,7.16,4.57,2.62,2.92,0.00,0.00,0.31,0.00,0.00,5.34,0.00,0.00,7.65,5.89,2.62,2.96,3.92,0.00,3.32,3.20,5.56,3.20,3.96,6.52,2.63,10.15,0.00,0.00,0.31,3.15,2.90,3.94,1.26,2.66,0.00,10.40,0.00,2.95,0.00,0.00,1.26,1.31,1.31,2.68,0.00,5.98,6.05,7.09,4.21,0.00,0.00,0.00,0.00,0.00,0.00,0.00
Seizure,80.51,85.24,99.64,72.29,101.43,59.47,67.26,80.83,73.04,125.34,52.01,101.12,66.64,76.96,87.92,64.69,71.46,60.22,63.04,73.93,62.59,46.30,72.04,62.25,60.32,71.04,75.63,58.93,45.75,63.56,117.13,67.80,66.81,76.67,80.51,78.17,79.29,53.54,75.26,48.81,78.49,47.51,76.07,66.44,77.47,62.71,71.61,60.71,60.30,58.32,80.55,72.41,60.81,82.28,45.22,81.19,78.10,72.13,76.36,62.35,52.06,88.78,93.69,53.02,89.11,55.18,75.12,68.06,123.07,88.27,73.55,65.63,98.45,85.87,90.30,77.47,65.37,98.55,73.20,117.59,81.43,101.35,104.89,101.72,70.21,78.44,74.67,82.89,59.94,76.19,64.16,79.79,83.85,74.53,79.67,67.08,67.57,53.67,69.60,58.89,71.64,88.42,87.99,105.15,83.89,65.56,57.50,56.83,63.78,84.83,49.11,91.53,79.65,71.68,70.63,77.72,84.22,75.14,79.48,71.45,94.86,64.78,61.45,81.09,71.80,75.27,67.33,67.02,70.80,87.42,98.90,78.28,79.75,96.01,91.65,61.31,71.79,73.06,77.67,85.89,110.31,100.75,82.52,76.22,65.21,73.15,85.40,82.18,70.20,73.84,59.08,83.79,76.48,67.49,104.35,87.70,83.85,76.58,98.31,66.48,53.93,73.39,56.33,93.39,77.89
Diffence,13.82,15.69,13.12,21.20,15.27,10.84,17.42,17.33,9.89,11.50,27.57,13.17,14.64,14.40,18.25,14.00,17.12,13.21,9.72,13.43,12.64,9.99,11.75,15.96,12.31,11.91,16.20,8.55,9.28,6.26,18.06,15.04,16.12,15.47,13.29,8.42,20.79,18.67,20.70,11.81,9.09,14.02,10.19,14.12,17.28,10.02,10.16,10.57,12.01,15.96,10.65,12.26,9.90,19.54,9.33,11.54,8.48,15.37,11.00,14.03,16.62,11.51,15.69,8.61,10.77,12.03,13.66,11.17,13.57,18.08,13.53,21.54,9.75,11.69,19.03,13.47,14.39,14.68,15.60,13.64,10.64,12.72,21.66,10.94,26.66,13.10,19.48,17.40,14.01,11.86,17.68,9.00,10.87,15.54,13.52,18.71,12.26,11.89,7.60,14.37,14.38,14.47,12.94,14.34,21.48,7.08,15.64,13.45,15.56,12.09,9.28,13.37,24.92,8.24,15.87,11.54,15.73,6.00,12.81,16.42,12.17,9.28,18.75,24.54,11.25,19.01,12.82,9.78,14.02,15.70,12.94,8.89,11.21,15.87,15.88,14.32,15.53,13.92,11.71,18.65,18.66,15.36,14.14,10.38,11.33,14.09,12.35,16.50,10.36,22.31,18.52,10.39,11.20,9.97,14.30,8.66,10.86,15.15,11.22,6.78,14.86,15.14,15.48,11.40,12.32
Save_CBP,1.64,0.92,0.72,0.15,0.03,1.00,0.35,0.87,2.91,0.45,0.30,0.25,0.47,1.46,0.19,0.71,0.46,1.13,0.04,0.55,0.00,0.16,0.42,0.25,0.07,0.04,0.31,0.09,0.12,0.00,0.08,1.60,0.50,0.40,0.97,0.11,0.12,0.93,0.18,0.29,0.34,0.10,0.20,0.32,0.44,0.39,0.02,0.04,0.43,1.01,0.26,1.08,0.38,0.17,0.32,0.06,1.87,0.87,0.31,0.76,0.33,0.07,0.47,0.25,1.50,0.04,0.74,0.08,0.00,0.31,0.25,0.83,0.35,0.40,0.48,0.42,0.40,0.78,0.29,0.14,0.07,0.42,0.07,0.36,0.66,0.85,0.32,0.12,0.53,0.08,0.71,0.00,0.42,0.26,0.11,0.15,0.06,0.18,0.22,0.10,0.16,2.50,0.26,0.26,0.60,0.04,0.82,0.58,0.88,0.73,0.28,0.20,0.81,0.26,0.41,0.70,0.19,0.10,0.60,0.35,0.00,0.70,0.80,4.81,0.15,0.00,0.02,0.00,0.78,0.74,0.10,0.26,0.28,0.17,0.17,0.23,0.90,0.63,0.54,0.82,1.45,0.21,0.27,0.04,0.79,0.36,0.32,0.03,0.12,0.03,0.44,3.64,0.10,0.72,0.01,0.26,2.67,2.57,0.37,0.06,0.57,0.04,1.14,0.05,0.34
Expect_Goal,1.855,1.976,1.415,1.373,1.523,1.771,1.129,0.964,2.787,1.309,1.015,2.003,0.987,1.089,1.035,1.135,1.886,0.998,1.281,1.811,1.759,0.726,0.719,2.974,0.748,0.813,1.28,0.825,0.607,1.926,1.377,0.814,1.702,1.043,1.248,1.116,0.306,0.966,1.899,0.905,1.018,0.238,1.673,1.056,0.84,1.897,1.837,2.008,1.947,0.891,1.871,1.545,1.457,1.013,0.544,0.833,2.039,0.869,0.859,2.326,0.208,1.535,2.044,1.282,0.807,1.017,1.537,0.442,0.909,0.615,0.736,1.599,0.912,1.846,1.034,1.062,1.139,0.691,1.711,1.129,1.865,4.221,0.919,0.936,0.654,1.073,1.768,1.58,1.478,1.118,1.884,3.412,0.761,0.807,1.699,1.37,1.095,2.119,1.655,0.377,0.699,1.99,1.585,1.018,1.26,0.624,0.916,2.085,0.352,0.68,1.686,1.382,1.14,1.533,0.502,1.363,1.016,0.909,1.515,0.376,0.873,0.815,0.98,0.813,0.624,1.136,0.318,0.817,1.247,1.011,0.626,1.272,0.757,0.916,1.083,0.968,0.454,1.773,1.114,0.756,1.261,1.357,0.263,1.154,1.784,0.539,0.589,0.841,0.576,1.097,0.667,2.195,0.622,0.512,0.369,1.58,1.513,1.012,1.006,1.787,0.163,0.736,0.942,0.523,0.743
Shots,17,16,16,11,12,11,13,11,22,11,11,17,14,13,12,12,16,13,19,15,16,7,13,22,11,13,17,13,9,25,17,13,11,9,9,12,6,11,16,12,15,4,20,10,12,20,15,18,12,12,17,12,7,10,10,6,19,9,13,15,6,20,19,8,8,9,15,7,12,11,8,11,13,13,12,13,10,8,13,14,12,30,14,9,7,15,13,13,13,9,17,19,8,8,16,11,10,17,21,7,9,18,17,16,10,10,16,13,8,12,12,11,4,21,6,7,7,14,14,7,12,10,12,9,7,10,7,11,15,9,9,18,10,13,11,11,7,13,16,9,8,11,7,14,15,8,7,11,8,10,7,16,10,7,6,15,13,7,9,11,4,9,10,9,10
Shots_Success,(17.6%),(25.0%),(12.5%),(18.2%),(8.3%),(18.2%),(0.0%),(9.1%),(4.5%),(0.0%),(9.1%),(5.9%),(7.1%),(0.0%),(16.7%),(8.3%),(6.3%),(15.4%),(10.5%),(13.3%),(18.8%),(0.0%),(7.7%),(0.0%),(0.0%),(7.7%),(17.6%),(7.7%),(11.1%),(4.0%),(11.8%),(15.4%),(27.3%),(0.0%),(11.1%),(8.3%),(33.3%),(18.2%),(12.5%),(0.0%),(13.3%),(0.0%),(0.0%),(10.0%),(0.0%),(5.0%),(6.7%),(5.6%),(8.3%),(16.7%),(11.8%),(8.3%),(14.3%),(10.0%),(20.0%),(0.0%),(5.3%),(11.1%),(7.7%),(33.3%),(0.0%),(15.0%),(31.6%),(0.0%),(0.0%),(11.1%),(0.0%),(0.0%),(8.3%),(9.1%),(25.0%),(27.3%),(0.0%),(7.7%),(8.3%),(7.7%),(10.0%),(0.0%),(30.8%),(0.0%),(8.3%),(20.0%),(14.3%),(0.0%),(14.3%),(13.3%),(15.4%),(23.1%),(15.4%),(0.0%),(11.8%),(10.5%),(0.0%),(12.5%),(25.0%),(0.0%),(10.0%),(23.5%),(0.0%),(14.3%),(11.1%),(16.7%),(0.0%),(25.0%),(20.0%),(0.0%),(12.5%),(15.4%),(0.0%),(16.7%),(16.7%),(9.1%),(25.0%),(0.0%),(0.0%),(14.3%),(0.0%),(0.0%),(14.3%),(0.0%),(0.0%),(20.0%),(16.7%),(11.1%),(14.3%),(20.0%),(0.0%),(9.1%),(6.7%),(22.2%),(11.1%),(5.6%),(20.0%),(7.7%),(27.3%),(0.0%),(0.0%),(7.7%),(6.3%),(11.1%),(25.0%),(9.1%),(14.3%),(0.0%),(20.0%),(0.0%),(14.3%),(0.0%),(0.0%),(10.0%),(14.3%),(6.3%),(10.0%),(0.0%),(33.3%),(13.3%),(23.1%),(28.6%),(0.0%),(0.0%),(0.0%),(0.0%),(0.0%),(0.0%),(0.0%)
On_Target,6,5,5,6,3,4,5,5,3,5,2,3,6,6,5,2,7,4,4,4,9,0,4,5,4,5,7,3,2,6,8,5,6,1,2,3,4,5,7,3,4,0,4,4,3,5,4,5,3,4,5,3,2,2,4,1,7,2,3,7,0,4,9,1,3,4,0,3,5,3,4,7,2,6,3,6,5,0,8,2,2,14,6,0,2,6,3,5,2,0,4,5,3,3,10,1,2,6,3,2,3,5,7,6,3,1,6,4,1,5,5,3,2,5,1,2,2,5,5,4,2,4,3,2,4,3,1,6,7,5,2,1,4,3,6,1,3,2,7,2,2,3,1,2,9,4,2,5,0,2,1,5,2,1,2,3,3,3,3,6,1,2,4,1,3
PK,1,0,0,0,1,0,0,0,0,0,0,0,0,0,0,0,0,0,0,0,0,0,0,0,0,0,0,0,0,0,0,0,1,0,0,0,0,0,0,0,0,0,0,0,0,0,0,0,0,0,0,1,1,0,0,0,0,0,0,0,0,0,0,0,0,0,0,0,0,0,0,0,0,1,0,0,0,0,0,0,0,0,0,0,0,0,0,0,0,0,0,1,0,0,0,0,0,0,0,0,0,0,0,0,0,0,0,0,0,0,1,0,1,0,0,1,0,0,0,0,0,0,0,0,0,0,0,0,0,0,0,0,0,0,0,0,0,1,0,0,0,0,0,0,1,0,0,0,0,0,0,0,0,0,0,0,0,0,0,0,0,0,0,0,0
Pass,404,482,406,486,589,560,634,521,605,494,302,559,481,553,490,504,597,323,751,567,488,568,539,601,471,463,482,497,475,650,386,501,507,367,532,571,597,566,433,536,584,835,825,444,490,534,674,696,541,347,614,507,726,523,821,551,645,649,708,483,590,501,642,727,657,409,593,719,611,678,617,369,706,553,685,543,449,680,404,858,606,656,515,760,333,517,452,486,680,591,444,610,703,447,666,413,534,829,744,474,403,452,700,669,449,663,439,439,555,569,679,584,339,794,686,533,625,812,592,505,598,695,468,402,364,632,552,609,596,468,512,452,476,535,447,684,505,585,429,515,478,462,460,725,484,517,392,423,366,253,198,312,279,199,257,359,348,222,272,350,176,340,303,507,370
Pass_Success,(71.0%),(76.8%),(75.4%),(80.0%),(77.4%),(80.0%),(82.5%),(75.6%),(83.3%),(80.2%),(62.3%),(80.0%),(77.8%),(77.6%),(79.8%),(82.1%),(79.7%),(72.1%),(87.4%),(83.8%),(78.9%),(82.0%),(77.6%),(82.0%),(80.7%),(80.1%),(80.1%),(88.7%),(86.3%),(84.8%),(78.2%),(78.4%),(81.3%),(61.9%),(80.8%),(84.8%),(76.2%),(85.9%),(75.8%),(86.0%),(81.3%),(88.6%),(84.8%),(79.7%),(77.1%),(86.7%),(90.7%),(85.8%),(82.6%),(76.4%),(84.0%),(82.6%),(89.1%),(83.0%),(83.9%),(84.8%),(84.7%),(88.4%),(84.0%),(82.2%),(86.1%),(83.0%),(84.0%),(86.8%),(81.0%),(83.4%),(81.8%),(82.9%),(77.9%),(77.1%),(83.6%),(79.9%),(84.7%),(83.2%),(79.6%),(85.1%),(78.8%),(86.3%),(80.4%),(85.5%),(83.2%),(86.0%),(78.6%),(83.0%),(76.3%),(82.8%),(73.2%),(78.8%),(88.1%),(82.6%),(78.8%),(83.8%),(82.9%),(77.6%),(83.6%),(76.0%),(80.7%),(85.8%),(85.1%),(80.8%),(72.5%),(78.3%),(83.3%),(86.5%),(75.7%),(87.2%),(75.9%),(77.7%),(79.8%),(83.7%),(83.4%),(82.9%),(69.9%),(86.3%),(84.1%),(79.4%),(80.8%),(84.6%),(81.8%),(79.0%),(81.8%),(83.0%),(75.6%),(78.4%),(75.8%),(78.8%),(78.1%),(82.6%),(80.4%),(80.8%),(78.3%),(81.0%),(83.2%),(82.2%),(75.2%),(84.6%),(79.6%),(82.2%),(83.0%),(68.7%),(76.4%),(73.4%),(75.0%),(83.4%),(80.2%),(82.0%),(72.2%),(79.2%),(70.5%),(66.8%),(47.5%),(69.9%),(58.1%),(64.3%),(61.5%),(67.4%),(67.5%),(64.0%),(60.7%),(59.4%),(54.0%),(58.2%),(64.4%),(73.4%),(74.9%)
Cross,13,15,7,6,14,14,14,18,13,9,14,10,7,26,14,14,21,9,19,14,18,15,11,30,14,17,19,8,13,38,15,8,9,19,8,24,6,11,11,11,14,19,34,9,17,15,17,16,12,6,20,8,17,10,26,15,18,10,16,13,11,17,10,29,22,13,22,10,11,21,12,6,25,8,20,8,15,6,8,18,11,16,10,23,7,18,10,10,20,15,13,30,19,11,15,13,18,11,37,24,7,17,20,12,12,16,12,16,16,12,14,16,11,16,9,16,15,23,19,13,15,17,15,9,13,13,11,15,14,10,14,7,13,10,17,20,13,15,7,19,7,8,8,21,25,11,10,12,10,6,8,17,20,9,11,27,26,14,18,27,8,18,12,20,24
Cross_Success,(23.1%),(33.3%),(57.1%),(16.7%),(14.3%),(21.4%),(7.1%),(11.1%),(23.1%),(33.3%),(28.6%),(40.0%),(14.3%),(23.1%),(21.4%),(28.6%),(14.3%),(11.1%),(10.5%),(28.6%),(16.7%),(6.7%),(27.3%),(23.3%),(21.4%),(17.6%),(10.5%),(0.0%),(15.4%),(15.8%),(26.7%),(12.5%),(0.0%),(5.3%),(0.0%),(25.0%),(0.0%),(9.1%),(9.1%),(0.0%),(28.6%),(21.1%),(20.6%),(22.2%),(17.6%),(20.0%),(23.5%),(6.3%),(16.7%),(16.7%),(25.0%),(12.5%),(17.6%),(20.0%),(11.5%),(20.0%),(22.2%),(0.0%),(12.5%),(15.4%),(9.1%),(17.6%),(0.0%),(27.6%),(22.7%),(23.1%),(22.7%),(30.0%),(27.3%),(14.3%),(0.0%),(50.0%),(12.0%),(25.0%),(15.0%),(12.5%),(20.0%),(16.7%),(37.5%),(22.2%),(36.4%),(43.8%),(20.0%),(17.4%),(14.3%),(27.8%),(20.0%),(20.0%),(25.0%),(20.0%),(30.8%),(33.3%),(15.8%),(27.3%),(46.7%),(30.8%),(27.8%),(27.3%),(18.9%),(12.5%),(14.3%),(17.6%),(40.0%),(41.7%),(16.7%),(18.8%),(33.3%),(18.8%),(12.5%),(0.0%),(28.6%),(12.5%),(18.2%),(25.0%),(22.2%),(31.3%),(20.0%),(34.8%),(36.8%),(7.7%),(20.0%),(11.8%),(33.3%),(22.2%),(0.0%),(15.4%),(9.1%),(13.3%),(35.7%),(20.0%),(7.1%),(28.6%),(30.8%),(10.0%),(35.3%),(20.0%),(15.4%),(33.3%),(14.3%),(15.8%),(57.1%),(37.5%),(37.5%),(23.8%),(40.0%),(9.1%),(10.0%),(16.7%),(40.0%),(0.0%),(12.5%),(23.5%),(10.0%),(22.2%),(9.1%),(22.2%),(34.6%),(21.4%),(16.7%),(14.8%),(0.0%),(16.7%),(25.0%),(10.0%),(20.8%)
D_FK,10,17,13,12,20,25,11,19,6,10,13,14,23,15,24,9,12,12,15,10,7,13,18,4,19,12,10,11,13,11,13,16,6,12,13,4,13,8,9,7,10,8,10,10,9,9,5,16,12,10,13,6,11,13,12,16,6,8,9,10,7,9,5,7,6,6,9,9,11,12,14,5,8,10,11,12,9,8,13,8,12,6,6,11,12,11,12,10,13,11,9,10,7,12,8,11,8,12,3,12,12,11,14,3,11,5,11,8,9,15,10,7,11,6,10,8,10,7,12,16,14,14,7,11,10,12,12,12,19,12,8,9,11,11,9,13,9,9,11,9,7,11,7,7,10,8,13,10,13,10,9,13,10,13,5,11,4,7,12,10,5,3,5,9,6
I_FK,5,4,0,6,5,1,5,2,0,10,2,2,2,7,3,1,3,8,4,4,1,5,3,3,1,3,2,3,0,3,1,3,1,2,2,1,1,2,4,3,7,3,2,4,1,0,1,2,3,1,2,1,1,1,0,0,2,0,1,1,1,1,0,1,0,1,2,1,3,0,0,0,1,1,2,1,3,1,0,2,1,2,3,1,0,0,1,1,0,1,1,3,0,3,0,2,1,1,0,0,0,0,0,0,0,0,3,1,0,2,0,0,0,2,1,2,2,3,1,1,0,0,1,1,2,0,1,0,1,2,0,0,2,2,0,2,1,3,4,1,1,0,2,0,1,3,0,1,0,2,2,4,3,1,2,1,0,0,0,0,2,6,1,4,1
CK,3,3,0,3,1,3,4,7,9,4,2,6,3,7,1,4,8,4,4,3,5,1,9,8,4,3,5,5,2,9,8,3,4,7,4,7,0,2,7,6,7,7,10,8,4,9,5,3,4,2,6,6,3,7,6,2,8,3,2,6,2,5,3,4,2,2,4,0,5,2,7,3,4,4,4,10,3,3,3,4,6,7,4,4,4,7,8,4,7,2,4,13,5,5,9,2,7,4,14,5,3,5,3,4,4,8,4,2,5,9,5,3,2,4,3,2,2,5,8,6,6,4,8,2,3,7,2,6,8,3,8,8,1,2,1,6,2,1,3,2,0,3,2,6,4,4,0,4,0,2,1,1,6,0,1,4,2,3,6,10,3,4,6,1,2
Throwing,27,25,24,21,25,39,23,25,16,25,32,29,21,30,19,16,20,23,22,28,29,21,21,22,28,17,31,18,8,24,18,25,16,40,19,21,39,21,20,19,25,12,26,18,29,13,14,20,30,12,28,19,11,17,27,15,22,16,21,15,9,12,24,23,19,21,18,27,24,24,18,14,23,29,19,16,24,19,19,21,17,20,14,22,11,17,21,25,7,20,21,21,17,28,21,22,20,29,26,18,40,20,23,15,20,15,21,23,23,22,28,25,17,27,21,20,21,29,23,39,20,21,15,16,15,27,20,24,25,19,23,18,25,16,30,20,22,31,18,41,25,27,25,33,24,20,39,19,23,20,27,12,22,21,26,13,31,20,25,85,15,24,29,30,29
Throwing_Success,(85.2%),(84.0%),(75.0%),(76.2%),(84.0%),(76.9%),(95.7%),(84.0%),(81.3%),(72.0%),(71.9%),(79.3%),(57.1%),(83.3%),(63.2%),(87.5%),(75.0%),(69.6%),(90.9%),(92.9%),(79.3%),(81.0%),(100.0%),(100.0%),(78.6%),(70.6%),(93.5%),(88.9%),(100.0%),(91.7%),(66.7%),(88.0%),(56.3%),(75.0%),(100.0%),(90.5%),(71.8%),(71.4%),(85.0%),(84.2%),(92.0%),(83.3%),(96.2%),(88.9%),(93.1%),(100.0%),(100.0%),(100.0%),(83.3%),(83.3%),(96.4%),(84.2%),(100.0%),(76.5%),(96.3%),(80.0%),(95.5%),(100.0%),(100.0%),(86.7%),(100.0%),(91.7%),(95.8%),(95.7%),(100.0%),(81.0%),(77.8%),(85.2%),(79.2%),(79.2%),(88.9%),(71.4%),(91.3%),(93.1%),(78.9%),(100.0%),(83.3%),(84.2%),(73.7%),(95.2%),(82.4%),(95.0%),(100.0%),(100.0%),(72.7%),(88.2%),(61.9%),(92.0%),(100.0%),(100.0%),(76.2%),(81.0%),(94.1%),(85.7%),(76.2%),(77.3%),(80.0%),(82.8%),(96.2%),(83.3%),(72.5%),(90.0%),(95.7%),(80.0%),(75.0%),(93.3%),(90.5%),(73.9%),(95.7%),(86.4%),(100.0%),(88.0%),(76.5%),(74.1%),(90.5%),(95.0%),(100.0%),(93.1%),(82.6%),(100.0%),(90.0%),(81.0%),(60.0%),(93.8%),(86.7%),(77.8%),(85.0%),(87.5%),(92.0%),(89.5%),(95.7%),(100.0%),(80.0%),(100.0%),(76.7%),(100.0%),(86.4%),(87.1%),(88.9%),(82.9%),(100.0%),(96.3%),(92.0%),(97.0%),(91.7%),(80.0%),(84.6%),(84.2%),(82.6%),(80.0%),(63.0%),(58.3%),(86.4%),(76.2%),(65.4%),(84.6%),(77.4%),(70.0%),(76.0%),(72.9%),(66.7%),(66.7%),(69.0%),(80.0%),(75.9%)
Dribble,12,9,6,5,10,10,13,11,9,7,14,8,4,17,10,8,9,5,4,7,15,8,6,11,8,4,13,13,11,19,10,14,8,14,13,16,7,4,6,6,11,7,11,4,18,7,18,10,9,8,8,8,4,7,12,9,12,9,14,4,2,9,7,9,8,5,8,6,8,11,8,2,6,5,13,10,7,8,4,8,4,11,8,10,10,7,4,4,7,8,6,8,5,7,4,4,3,7,8,5,9,7,7,7,10,6,8,11,7,7,5,3,5,8,3,8,3,2,2,8,6,6,1,2,4,7,4,9,10,7,7,7,5,6,8,9,6,10,8,9,6,9,5,8,12,6,5,9,6,7,6,8,10,1,5,9,9,7,7,11,6,9,4,15,9
Dribble_Success,(41.7%),(77.8%),(16.7%),(80.0%),(40.0%),(50.0%),(61.5%),(54.5%),(66.7%),(71.4%),(35.7%),(37.5%),(50.0%),(58.8%),(40.0%),(25.0%),(55.6%),(40.0%),(75.0%),(28.6%),(33.3%),(37.5%),(16.7%),(45.5%),(62.5%),(75.0%),(46.2%),(46.2%),(81.8%),(63.2%),(50.0%),(64.3%),(62.5%),(42.9%),(38.5%),(62.5%),(42.9%),(50.0%),(50.0%),(83.3%),(72.7%),(57.1%),(45.5%),(25.0%),(38.9%),(57.1%),(55.6%),(70.0%),(33.3%),(37.5%),(62.5%),(50.0%),(25.0%),(42.9%),(50.0%),(55.6%),(50.0%),(55.6%),(28.6%),(100.0%),(50.0%),(44.4%),(28.6%),(44.4%),(75.0%),(60.0%),(75.0%),(50.0%),(62.5%),(72.7%),(37.5%),(0.0%),(33.3%),(60.0%),(53.8%),(30.0%),(28.6%),(37.5%),(50.0%),(37.5%),(75.0%),(45.5%),(62.5%),(40.0%),(20.0%),(14.3%),(25.0%),(0.0%),(28.6%),(37.5%),(33.3%),(87.5%),(60.0%),(14.3%),(50.0%),(50.0%),(33.3%),(14.3%),(37.5%),(20.0%),(33.3%),(28.6%),(42.9%),(42.9%),(50.0%),(50.0%),(37.5%),(36.4%),(42.9%),(42.9%),(40.0%),(0.0%),(60.0%),(62.5%),(33.3%),(12.5%),(33.3%),(50.0%),(100.0%),(37.5%),(33.3%),(33.3%),(100.0%),(0.0%),(25.0%),(57.1%),(50.0%),(44.4%),(70.0%),(57.1%),(71.4%),(28.6%),(40.0%),(50.0%),(50.0%),(55.6%),(16.7%),(20.0%),(37.5%),(55.6%),(33.3%),(55.6%),(60.0%),(50.0%),(66.7%),(33.3%),(20.0%),(33.3%),(16.7%),(42.9%),(33.3%),(50.0%),(60.0%),(0.0%),(20.0%),(66.7%),(66.7%),(28.6%),(42.9%),(45.5%),(66.7%),(55.6%),(0.0%),(26.7%),(44.4%)
Tackle,13,15,23,22,17,14,17,17,13,30,30,26,22,13,24,19,15,14,15,19,17,12,20,12,12,11,19,9,9,14,34,16,16,21,12,19,10,18,14,15,15,9,8,16,22,15,16,14,19,19,18,10,7,18,10,21,15,22,20,10,24,17,15,7,11,15,16,11,19,19,14,19,19,9,19,20,12,13,22,21,18,17,22,20,16,18,26,27,7,18,19,15,21,20,10,16,16,17,16,27,15,17,17,12,19,4,11,11,13,14,15,17,26,11,15,21,19,12,18,18,19,8,6,19,16,18,8,13,17,18,24,12,20,21,19,13,25,11,21,21,21,26,26,19,10,17,27,14,17,18,25,23,13,14,23,16,19,10,24,10,12,13,14,20,15
Tackle_Success,(61.5%),(66.7%),(47.8%),(63.6%),(64.7%),(64.3%),(35.3%),(76.5%),(84.6%),(66.7%),(60.0%),(69.2%),(54.5%),(61.5%),(75.0%),(57.9%),(53.3%),(64.3%),(80.0%),(52.6%),(47.1%),(50.0%),(50.0%),(75.0%),(66.7%),(72.7%),(73.7%),(66.7%),(66.7%),(57.1%),(67.6%),(62.5%),(62.5%),(81.0%),(58.3%),(63.2%),(60.0%),(44.4%),(78.6%),(26.7%),(46.7%),(77.8%),(75.0%),(62.5%),(27.3%),(80.0%),(75.0%),(35.7%),(42.1%),(73.7%),(88.9%),(60.0%),(85.7%),(72.2%),(90.0%),(61.9%),(66.7%),(68.2%),(75.0%),(50.0%),(62.5%),(70.6%),(60.0%),(71.4%),(63.6%),(60.0%),(50.0%),(100.0%),(78.9%),(84.2%),(71.4%),(36.8%),(68.4%),(66.7%),(47.4%),(65.0%),(50.0%),(53.8%),(54.5%),(61.9%),(61.1%),(76.5%),(59.1%),(80.0%),(68.8%),(77.8%),(26.9%),(44.4%),(28.6%),(77.8%),(68.4%),(60.0%),(66.7%),(65.0%),(80.0%),(62.5%),(75.0%),(41.2%),(68.8%),(66.7%),(86.7%),(76.5%),(58.8%),(58.3%),(36.8%),(75.0%),(45.5%),(63.6%),(69.2%),(57.1%),(73.3%),(82.4%),(57.7%),(81.8%),(53.3%),(61.9%),(47.4%),(58.3%),(61.1%),(50.0%),(63.2%),(75.0%),(100.0%),(68.4%),(50.0%),(55.6%),(50.0%),(46.2%),(64.7%),(72.2%),(66.7%),(58.3%),(100.0%),(61.9%),(63.2%),(76.9%),(68.0%),(72.7%),(57.1%),(61.9%),(57.1%),(57.7%),(57.7%),(52.6%),(70.0%),(76.5%),(74.1%),(42.9%),(52.9%),(66.7%),(44.0%),(52.2%),(84.6%),(50.0%),(69.6%),(75.0%),(42.1%),(60.0%),(62.5%),(60.0%),(75.0%),(61.5%),(50.0%),(70.0%),(80.0%)
Clear,17,21,22,23,27,25,21,27,16,16,68,26,31,24,29,20,25,27,12,25,21,21,17,21,19,12,12,19,8,7,32,18,20,27,20,11,42,32,24,19,11,9,15,24,30,18,13,17,13,24,16,13,23,31,19,20,10,29,7,22,19,26,17,4,17,25,21,22,18,17,14,41,12,13,23,19,23,11,31,20,14,14,40,12,43,27,49,27,28,10,26,20,12,29,16,21,13,15,12,24,27,29,19,22,31,9,18,19,15,22,19,17,31,11,14,10,24,3,23,31,8,13,32,43,25,30,13,12,22,23,31,14,19,25,28,21,18,32,32,34,37,22,30,13,22,26,24,31,17,38,52,20,22,17,26,14,10,31,21,15,25,36,18,16,15
Intercept,2,2,1,1,2,3,1,2,5,5,1,1,0,1,3,2,2,0,1,3,1,0,0,0,2,1,2,0,0,0,6,2,1,1,3,3,2,3,3,2,2,1,1,1,0,4,6,2,0,2,5,5,4,2,0,1,1,6,3,2,1,2,3,0,3,0,1,0,0,1,1,2,2,2,1,3,2,4,1,0,5,2,2,0,3,3,1,2,0,1,0,0,1,1,2,1,6,1,5,0,1,2,3,3,1,2,2,1,2,2,1,3,2,0,2,3,3,0,0,1,0,2,2,1,2,0,2,0,0,2,0,2,1,3,0,1,2,0,0,1,1,3,2,1,3,2,2,1,2,2,3,1,0,0,3,3,3,3,3,1,3,0,2,2,3
OffSide,4,2,1,1,2,3,4,1,1,3,8,1,0,1,0,0,0,2,2,2,1,0,0,1,1,0,0,1,0,0,1,2,0,2,1,3,1,1,2,3,0,0,0,0,1,0,3,1,3,3,0,1,1,2,0,5,1,0,1,0,0,1,1,0,5,0,1,3,4,0,1,1,2,3,1,2,1,1,2,2,1,2,0,0,0,4,0,1,0,0,2,0,1,1,1,0,2,0,0,0,1,0,2,1,0,1,1,4,4,2,0,1,2,2,2,1,0,2,2,2,6,0,0,1,5,0,1,0,1,3,0,2,3,5,2,4,0,0,1,2,1,0,1,0,2,3,2,2,1,2,0,0,3,5,0,5,0,0,3,1,0,2,4,1,2
Yellow,2,2,1,0,4,1,3,0,2,3,1,1,1,1,0,0,1,1,0,1,0,1,1,3,0,0,0,1,1,0,0,2,3,2,1,0,1,2,2,1,0,1,1,0,0,1,1,3,2,0,1,0,1,0,1,4,1,1,1,0,3,0,0,1,3,1,2,0,0,0,1,2,1,2,0,1,2,1,2,0,0,0,0,2,2,2,0,0,0,1,1,1,1,1,1,0,0,0,0,1,0,1,0,0,1,2,0,1,1,1,1,1,1,0,2,0,1,1,3,1,3,2,0,0,3,0,1,1,0,1,1,2,3,1,1,2,1,0,3,2,0,3,0,0,2,2,3,0,0,1,1,1,2,0,0,1,4,2,3,0,0,2,0,0,3
Red,0,0,0,0,0,0,0,0,0,0,0,0,0,0,0,0,0,0,0,0,0,0,0,0,0,0,0,0,0,0,0,0,0,0,0,0,0,0,0,0,0,0,0,0,0,0,0,0,0,0,0,0,0,0,0,0,0,0,0,0,0,0,0,0,0,0,0,0,0,0,0,0,0,0,0,0,0,0,0,0,0,0,0,0,0,0,0,0,0,0,0,0,0,0,0,0,0,0,0,0,0,0,0,0,0,0,0,0,0,0,0,0,0,0,0,0,0,0,0,0,0,0,0,0,0,0,0,0,0,0,0,0,0,0,0,0,0,0,0,0,0,0,0,0,0,0,0,0,0,0,0,0,0,0,0,0,1,0,0,0,0,0,0,0,0
Approach_30m,30,32,34,30,47,36,45,34,61,33,23,36,37,46,34,40,49,22,60,59,42,46,41,70,39,42,48,36,38,87,43,37,44,24,35,60,25,36,30,40,50,76,94,37,36,55,52,67,40,29,62,60,59,37,65,58,62,46,67,33,34,47,45,63,58,35,46,46,50,50,50,15,43,41,51,34,31,41,36,53,47,69,45,47,16,41,43,36,52,52,27,57,54,22,48,33,37,47,76,34,33,33,58,44,32,62,40,43,28,58,57,56,21,68,42,36,29,78,36,35,36,38,29,19,24,33,40,36,46,21,25,27,40,33,34,55,27,32,26,31,18,33,25,42,44,38,20,44,21,15,15,46,21,21,22,41,42,25,27,39,13,27,26,36,30
Approach_Penalty,17,14,11,12,15,11,6,5,15,12,13,13,8,12,9,8,13,7,6,16,18,3,9,20,9,10,11,10,8,21,13,12,13,11,9,14,5,12,9,12,14,11,19,9,11,17,20,16,8,9,23,13,6,11,15,8,23,8,13,9,5,11,13,17,9,13,14,7,12,4,11,5,12,18,10,9,12,9,12,15,9,30,14,14,6,11,8,8,11,10,16,22,8,10,14,8,15,13,16,11,13,12,18,12,11,16,12,15,7,12,8,14,5,19,9,7,9,14,11,7,10,16,9,7,7,6,8,8,11,7,7,7,8,8,12,5,7,14,10,7,7,8,8,11,20,10,4,9,4,5,1,11,9,7,5,13,12,10,9,12,0,6,10,7,6
Attack_Num,128,125,121,136,151,150,112,142,105,139,130,138,126,139,132,101,139,106,106,111,115,102,133,116,110,112,128,92,82,115,118,129,106,136,109,110,138,104,133,90,129,84,124,110,132,91,91,101,121,104,119,105,93,112,102,106,109,102,113,106,91,102,122,101,103,87,120,114,129,136,119,98,115,115,129,105,112,112,103,132,109,119,120,130,111,111,123,118,97,97,108,113,109,122,116,114,105,115,107,97,134,110,116,102,124,85,113,109,112,120,107,115,121,110,117,114,120,104,122,123,121,109,110,103,102,126,111,108,128,116,120,110,107,117,118,109,112,116,109,145,135,131,120,114,103,111,125,113,104,111,125,100,115,99,122,105,106,102,124,170,92,123,119,118,108
Chances,13.3%,12.8%,13.2%,8.1%,7.9%,7.3%,11.6%,7.7%,21.0%,7.9%,8.5%,12.3%,11.1%,9.4%,9.1%,11.9%,11.5%,12.3%,17.9%,13.5%,13.9%,6.9%,9.8%,19.0%,10.0%,11.6%,13.3%,14.1%,11.0%,21.7%,14.4%,10.1%,10.4%,6.6%,8.3%,10.9%,4.3%,10.6%,12.0%,13.3%,11.6%,4.8%,16.1%,9.1%,9.1%,22.0%,16.5%,17.8%,9.9%,11.5%,14.3%,11.4%,7.5%,8.9%,9.8%,5.7%,17.4%,8.8%,11.5%,14.2%,6.6%,19.6%,15.6%,7.9%,7.8%,10.3%,12.5%,6.1%,9.3%,8.1%,6.7%,11.2%,11.3%,11.3%,9.3%,12.4%,8.9%,7.1%,12.6%,10.6%,11.0%,25.2%,11.7%,6.9%,6.3%,13.5%,10.6%,11.0%,13.4%,9.3%,15.7%,16.8%,7.3%,6.6%,13.8%,9.6%,9.5%,14.8%,19.6%,7.2%,6.7%,16.4%,14.7%,15.7%,8.1%,11.8%,14.2%,11.9%,7.1%,10.0%,11.2%,9.6%,3.3%,19.1%,5.1%,6.1%,5.8%,13.5%,11.5%,5.7%,9.9%,9.2%,10.9%,8.7%,6.9%,7.9%,6.3%,10.2%,11.7%,7.8%,7.5%,16.4%,9.3%,11.1%,9.3%,10.1%,6.3%,11.2%,14.7%,6.2%,5.9%,8.4%,5.8%,12.3%,14.6%,7.2%,5.6%,9.7%,7.7%,9.0%,5.6%,16.0%,8.7%,7.1%,4.9%,14.3%,12.3%,6.9%,7.3%,6.5%,4.3%,7.3%,8.4%,7.6%,9.3%
Control,42.4%,51.1%,41.4%,48.8%,59.4%,60%,53.4%,54.4%,54.2%,53.3%,52.1%,49.9%,49.1%,58.5%,51.3%,47.6%,58.8%,34.7%,64.3%,58.4%,47.5%,61.4%,59.5%,60.4%,54.1%,45.7%,53.6%,49%,46.7%,63.5%,43.2%,56.3%,51.1%,51.1%,49.6%,54.1%,65.4%,60.3%,47.8%,56%,56.5%,69.5%,68%,53.5%,47.1%,46.4%,52.6%,59.1%,52.9%,33.4%,64.6%,47.9%,58%,49.1%,72.4%,54.8%,58.8%,57.3%,54.4%,46.6%,52.2%,47.8%,57.7%,61.7%,51.5%,36%,54.6%,66.3%,54.5%,62.9%,49.9%,38.4%,53%,52%,62.6%,49.3%,46.8%,53%,35.5%,63.6%,55.2%,52.7%,47.1%,64.4%,38.6%,48.5%,53.4%,45.4%,58.4%,49.4%,44.9%,51.7%,55.1%,47.7%,55.7%,50.5%,49.3%,73.9%,57.2%,44.5%,56.9%,47.1%,58.1%,56%,48.2%,55.5%,48.3%,48%,51.2%,55.5%,68.2%,54.7%,39.4%,68.5%,54.1%,55.6%,51.1%,63.7%,61%,51.8%,55%,61.9%,44.3%,40.1%,37.8%,65.5%,50.3%,59.7%,55.4%,44.6%,57.4%,41.1%,45.3%,44%,53.3%,68.1%,46.3%,58.9%,43.3%,61%,47.4%,54.8%,49%,66.4%,50.7%,52.8%,48.7%,54.9%,52.8%,35.4%,48.4%,40.6%,46.7%,29.2%,35.1%,46.1%,42.5%,29.3%,39.9%,58.6%,25.3%,51.3%,42.5%,51.4%,46.6%
AGI,56,47,53,47,49,47,43,41,56,47,50,46,48,56,43,50,54,51,43,59,64,12,46,64,46,54,60,49,44,68,58,51,46,50,41,57,29,43,45,50,51,48,67,48,49,67,56,55,45,47,64,58,35,52,54,42,62,41,52,43,30,55,47,55,49,50,49,33,53,16,50,36,51,50,46,49,52,41,51,44,47,67,58,47,39,52,54,49,45,54,47,69,40,47,49,51,51,43,62,52,52,56,56,49,47,60,56,63,42,60,52,54,35,55,42,41,36,52,47,45,40,47,45,39,49,29,38,40,46,37,43,46,45,43,46,36,37,44,50,43,26,45,34,45,61,42,35,48,37,37,24,56,55,53,44,58,60,54,53,68,50,47,44,48,50
KAGI,42,45,60,39,39,41,52,50,52,44,24,47,50,54,50,45,41,45,58,46,53,47,44,37,49,48,41,50,56,66,47,47,48,41,51,43,32,36,33,38,54,34,55,49,36,59,65,47,49,36,49,51,52,41,49,47,53,45,53,53,38,46,46,56,49,50,34,41,59,34,43,45,50,59,41,49,41,50,49,52,52,61,38,59,26,56,39,42,43,55,55,65,57,44,58,36,50,47,66,41,31,46,51,48,39,87,51,45,46,40,49,47,32,53,32,44,42,62,50,43,60,47,36,28,55,32,61,47,45,46,33,55,38,50,35,42,44,45,57,30,48,47,40,59,51,41,47,49,61,37,34,51,49,56,62,54,60,54,46,100,46,55,54,61,60
