Round,Hteam,Ateam,Hscore,Ascore,HorA,WorL,Date,Wether,Grass_condition,Spectators,temperature,TimeLine1,TimeLine2,TimeLine3,TimeLine4,TimeLine5,TimeLine6,Attack_CBP,Pass_CBP,Cross_CBP,Dribble_CBP,Shots_CBP,Score_CBP,Seizure,Diffence,Save_CBP,Expect_Goal,Shots,Shots_Success,On_Target,PK,Pass,Pass_Success,Cross,Cross_Success,D_FK,I_FK,CK,Throwing,Throwing_Success,Dribble,Dribble_Success,Tackle,Tackle_Success,Clear,Intercept,OffSide,Yellow,Red,Approach_30m,Approach_Penalty,Attack_Num,Chances,Control,AGI,KAGI
1,ベガルタ仙台,浦和レッズ,0,0,1,1,2019.2.23 14:00 Kick Off,晴,全面良芝,"18,567人",10℃,43.6%,34.3%,39.9%,41.2%,37.1%,33.5%,9.48,6.09,2.09,1.30,3.56,0.00,89.37,16.49,0.47,0.479,8,(0.0%),3,0,287,(69.0%),8,(50.0%),18,2,2,15,(60.0%),16,(50.0%),21,(61.9%),28,2,1,2,0,24,6,120,6.7%,38.3%,47,49
2,横浜Ｆ・マリノス,ベガルタ仙台,2,1,0,0,2019.3.2 13:00 Kick Off,晴,全面良芝,"22,751人",13℃,32.6%,31.5%,28.3%,38.0%,35.4%,35.1%,6.99,5.25,0.48,1.26,3.63,0.32,87.59,19.23,0.82,1.189,5,(20.0%),2,1,293,(66.9%),11,(9.1%),13,2,4,18,(72.2%),10,(50.0%),30,(63.3%),26,0,6,1,0,13,4,121,4.1%,33.6%,34,39
3,ベガルタ仙台,ヴィッセル神戸,1,3,1,0,2019.3.10 14:00 Kick Off,晴,全面良芝,"19,503人",15.3℃,37.8%,44.3%,40.2%,40.9%,37.7%,39.9%,15.07,13.94,1.01,0.12,14.30,1.25,94.43,15.03,1.57,2.181,20,(5.0%),6,0,442,(81.0%),11,(18.2%),12,3,5,11,(90.9%),2,(50.0%),24,(50.0%),10,1,1,0,0,43,14,105,19.0%,40.3%,52,51
4,湘南ベルマーレ,ベガルタ仙台,2,1,0,0,2019.3.17 17:00 Kick Off,晴,全面良芝,"9,290人",12.5℃,44.8%,49.4%,48.0%,58.4%,62.7%,63.7%,19.01,15.46,2.52,1.03,3.73,2.96,121.60,14.26,0.72,0.963,13,(7.7%),3,0,582,(78.0%),13,(38.5%),9,2,2,27,(88.9%),12,(41.7%),28,(75.0%),19,0,3,0,0,41,12,132,9.8%,54%,45,48
5,ベガルタ仙台,セレッソ大阪,0,2,1,0,2019.3.30 14:00 Kick Off,雪,全面良芝,"10,931人",3.6℃,35.6%,45.9%,44.7%,48.2%,53.7%,45.9%,14.08,12.48,1.48,0.12,4.35,0.00,113.63,14.02,0.13,1.312,13,(0.0%),3,0,478,(77.2%),13,(23.1%),7,6,2,29,(86.2%),5,(20.0%),22,(68.2%),22,4,0,0,0,42,5,135,9.6%,45.7%,44,54
6,ベガルタ仙台,サガン鳥栖,3,0,1,3,2019.4.6 14:00 Kick Off,晴,全面良芝,"11,235人",13.3℃,32.9%,42.3%,47.5%,42.4%,48.1%,31.8%,11.97,8.50,1.87,1.60,9.66,8.42,87.48,10.82,0.61,2.76,16,(18.8%),6,1,304,(69.1%),13,(30.8%),14,1,9,14,(92.9%),19,(31.6%),15,(73.3%),30,3,2,0,0,34,10,113,14.2%,40.6%,54,58
7,大分トリニータ,ベガルタ仙台,2,0,0,0,2019.4.14 16:00 Kick Off,屋内,全面良芝,"11,477人",15.3℃,34.5%,47.4%,45.9%,56.6%,52.2%,42.7%,15.85,13.64,1.48,0.73,11.27,0.00,77.75,12.86,0.57,1.224,16,(0.0%),4,0,528,(82.0%),19,(15.8%),8,1,8,12,(75.0%),14,(42.9%),16,(75.0%),15,3,1,0,0,48,11,100,16.0%,45.8%,56,53
8,鹿島アントラーズ,ベガルタ仙台,1,0,0,0,2019.4.20 15:00 Kick Off,曇のち晴,全面良芝,"16,844人",13.7℃,41.6%,32.0%,46.6%,43.2%,43.3%,56.5%,11.02,9.26,0.52,1.24,4.47,0.00,90.69,19.37,0.00,1.022,11,(0.0%),1,0,354,(70.6%),18,(5.6%),14,0,3,25,(80.0%),14,(57.1%),19,(52.6%),30,3,0,1,0,38,6,123,8.9%,43.5%,45,40
9,ベガルタ仙台,ガンバ大阪,2,1,1,3,2019.4.28 13:00 Kick Off,晴,全面良芝,"16,004人",16℃,55.8%,59.2%,60.5%,48.1%,34.7%,45.3%,15.52,12.33,1.58,1.60,13.17,7.65,96.09,16.75,0.18,1.324,18,(11.1%),11,0,478,(79.5%),20,(15.0%),9,2,6,20,(80.0%),19,(52.6%),17,(41.2%),31,3,1,0,0,44,13,126,14.3%,50.5%,58,40
10,川崎フロンターレ,ベガルタ仙台,3,1,0,0,2019.5.3 15:00 Kick Off,晴のち曇,全面良芝,"25,789人",24.3℃,43.5%,32.9%,32.4%,43.3%,34.9%,46.1%,13.12,10.66,1.59,0.87,6.10,2.96,85.54,18.11,0.07,0.969,9,(11.1%),5,0,390,(78.7%),14,(21.4%),10,0,4,13,(76.9%),7,(57.1%),21,(66.7%),18,0,3,1,0,26,10,107,8.4%,39.1%,50,25
11,ベガルタ仙台,サンフレッチェ広島,2,1,1,3,2019.5.12 13:05 Kick Off,晴,全面良芝,"12,180人",15.1℃,58.2%,46.9%,61.2%,50.4%,46.5%,66.1%,19.72,16.56,2.19,0.96,12.82,5.76,111.66,10.66,1.08,1.674,17,(11.8%),8,0,568,(82.9%),14,(28.6%),17,0,3,17,(82.4%),10,(40.0%),23,(69.6%),21,3,3,2,0,56,17,114,14.9%,54.7%,53,45
12,ジュビロ磐田,ベガルタ仙台,2,0,0,0,2019.5.18 14:00 Kick Off,曇,全面良芝,"12,864人",23.5℃,53.5%,57.8%,38.9%,53.2%,58.1%,58.6%,16.62,13.44,1.56,1.61,5.58,0.00,86.66,13.04,0.89,1.399,14,(0.0%),3,0,522,(78.7%),24,(12.5%),15,2,8,22,(86.4%),11,(54.5%),16,(56.3%),10,2,2,1,0,46,12,125,11.2%,52.8%,55,50
13,清水エスパルス,ベガルタ仙台,4,3,0,0,2019.5.25 14:00 Kick Off,晴,全面良芝,"12,234人",31.5℃,46.6%,53.1%,57.5%,44.6%,46.2%,56.3%,15.99,11.83,2.53,1.63,10.75,9.99,87.49,15.79,0.09,1.983,21,(14.3%),7,0,498,(75.5%),22,(22.7%),6,2,9,28,(85.7%),15,(46.7%),19,(73.7%),24,1,2,2,1,41,13,133,15.8%,51.2%,52,53
14,ベガルタ仙台,名古屋グランパス,3,1,1,3,2019.6.1 14:00 Kick Off,晴,全面良芝,"12,853人",22℃,41.2%,33.6%,40.7%,49.9%,30.0%,32.3%,8.69,7.23,1.00,0.46,7.48,7.84,122.94,18.40,0.04,1.061,10,(30.0%),4,0,310,(66.1%),12,(16.7%),12,1,2,16,(75.0%),6,(50.0%),42,(66.7%),28,4,0,2,0,22,8,121,8.3%,38.4%,43,40
15,松本山雅ＦＣ,ベガルタ仙台,0,1,0,3,2019.6.15 19:00 Kick Off,曇時々雨,全面良芝,"14,078人",15.5℃,53.7%,55.4%,56.3%,25.7%,47.6%,50.6%,16.40,10.42,4.29,1.69,8.46,1.25,89.25,17.48,1.46,1.473,11,(9.1%),6,0,446,(77.6%),22,(36.4%),10,3,5,24,(54.2%),14,(64.3%),20,(65.0%),32,2,0,0,0,39,15,124,8.9%,49.4%,56,48
16,ベガルタ仙台,ＦＣ東京,2,0,1,3,2019.6.23 19:00 Kick Off,曇,全面良芝,"12,343人",19.3℃,45.5%,44.4%,43.2%,40.8%,55.9%,45.8%,14.05,9.14,2.02,2.89,9.27,8.25,95.89,19.00,0.00,1.833,21,(9.5%),5,0,362,(73.5%),17,(29.4%),13,1,6,15,(60.0%),15,(60.0%),28,(71.4%),25,0,0,1,0,37,14,118,17.8%,45.2%,58,50
17,ベガルタ仙台,北海道コンサドーレ札幌,2,1,1,3,2019.6.30 19:00 Kick Off,雨,全面良芝,"12,125人",19.7℃,40.5%,55.6%,37.2%,33.2%,39.9%,39.2%,11.52,8.23,2.37,0.91,9.72,6.87,86.84,22.69,1.61,1.502,15,(13.3%),8,0,313,(78.0%),15,(33.3%),9,0,4,9,(66.7%),7,(57.1%),27,(70.4%),44,4,1,1,0,32,6,109,13.8%,41.7%,46,43
18,浦和レッズ,ベガルタ仙台,1,0,0,0,2019.7.6 19:00 Kick Off,曇,全面良芝,"28,904人",23.9℃,47.0%,31.9%,44.2%,41.0%,27.8%,36.9%,9.04,8.51,0.00,0.54,2.13,0.00,67.54,13.64,0.54,0.315,3,(0.0%),1,0,337,(77.4%),7,(0.0%),10,1,2,9,(77.8%),7,(42.9%),22,(63.6%),25,1,1,4,1,26,5,93,3.2%,38%,38,41
19,ベガルタ仙台,鹿島アントラーズ,0,4,1,0,2019.7.13 19:00 Kick Off,晴,全面良芝,"17,639人",24.4℃,34.2%,36.6%,53.2%,55.7%,58.4%,61.7%,13.83,10.17,1.52,2.14,6.93,0.00,86.05,12.16,0.72,1.434,17,(0.0%),4,0,416,(76.2%),21,(14.3%),17,2,7,21,(81.0%),23,(65.2%),16,(75.0%),11,2,2,0,0,44,7,118,14.4%,50.7%,55,42
20,セレッソ大阪,ベガルタ仙台,0,0,0,1,2019.7.20 19:00 Kick Off,曇,不良,"15,574人",28.8℃,32.5%,32.0%,53.6%,49.7%,30.5%,43.3%,11.08,8.62,1.55,0.91,5.39,0.00,76.08,18.94,0.43,1.266,17,(0.0%),3,0,289,(70.6%),24,(12.5%),11,0,7,18,(72.2%),8,(75.0%),16,(75.0%),41,3,0,1,0,35,7,111,15.3%,40.2%,60,41
21,ベガルタ仙台,ジュビロ磐田,2,1,1,3,2019.8.3 19:00 Kick Off,晴,全面良芝,"15,084人",30.4℃,55.6%,68.4%,37.1%,39.3%,34.7%,29.5%,12.32,8.06,3.28,0.99,6.96,4.44,83.32,24.75,0.00,1.528,11,(18.2%),4,0,334,(75.7%),21,(28.6%),10,0,3,17,(64.7%),16,(37.5%),21,(61.9%),52,2,0,1,0,29,7,96,11.5%,43.2%,46,34
22,ＦＣ東京,ベガルタ仙台,1,0,0,0,2019.8.10 19:00 Kick Off,晴,全面良芝,"28,435人",29.5℃,57.5%,39.5%,45.8%,58.8%,61.4%,54.1%,13.26,10.71,0.90,1.65,4.66,0.00,59.00,11.84,0.08,0.64,13,(0.0%),1,0,429,(77.4%),20,(10.0%),11,0,6,15,(86.7%),16,(62.5%),16,(81.3%),16,1,2,4,0,37,8,103,12.6%,52.1%,45,54
23,ベガルタ仙台,川崎フロンターレ,2,2,1,1,2019.8.17 19:00 Kick Off,晴,全面良芝,"17,860人",27.8℃,36.3%,35.3%,35.4%,29.5%,28.3%,34.5%,8.42,5.97,1.61,0.84,4.08,5.90,73.38,15.97,0.27,1.395,9,(22.2%),3,0,263,(72.6%),8,(37.5%),9,1,6,11,(81.8%),6,(66.7%),14,(92.9%),26,2,2,1,0,21,7,90,10.0%,33.3%,51,32
24,ベガルタ仙台,湘南ベルマーレ,1,1,1,1,2019.8.24 19:00 Kick Off,曇,全面良芝,"17,759人",24.2℃,49.9%,52.4%,54.8%,64.6%,49.3%,57.6%,13.41,9.91,1.97,1.53,5.63,1.18,89.73,16.35,1.10,2.235,19,(5.3%),2,0,407,(68.8%),23,(17.4%),9,3,5,38,(86.8%),13,(53.8%),18,(55.6%),25,3,4,1,0,29,16,137,13.9%,55.2%,58,42
25,サガン鳥栖,ベガルタ仙台,2,1,0,0,2019.8.31 19:30 Kick Off,曇,良芝,"15,194人",23.4℃,52.2%,46.3%,35.3%,33.7%,38.4%,43.6%,12.44,10.19,0.89,1.36,3.86,2.96,75.35,19.65,0.69,0.994,13,(7.7%),3,0,336,(68.5%),13,(15.4%),11,3,4,14,(71.4%),7,(57.1%),23,(56.5%),42,2,1,0,0,32,11,111,11.7%,41.3%,54,35
26,北海道コンサドーレ札幌,ベガルタ仙台,1,3,0,3,2019.9.14 14:00 Kick Off,晴,全面良芝,"11,254人",23.8℃,34.3%,29.8%,41.2%,35.4%,42.0%,34.6%,8.71,6.50,0.98,1.23,10.07,3.68,97.05,20.80,0.41,2.622,16,(18.8%),8,0,256,(69.5%),12,(16.7%),17,5,6,8,(87.5%),21,(38.1%),22,(68.2%),25,4,5,1,0,27,11,116,13.8%,36.3%,49,47
27,ベガルタ仙台,横浜Ｆ・マリノス,1,1,1,1,2019.9.28 19:00 Kick Off,雨,全面良芝,"15,688人",22.3℃,27.4%,28.4%,35.9%,31.5%,37.2%,49.9%,11.19,7.66,1.49,2.04,5.81,2.95,92.84,17.61,0.32,1.006,13,(7.7%),5,0,301,(65.1%),10,(30.0%),11,3,4,26,(76.9%),7,(85.7%),24,(70.8%),22,3,5,2,0,17,10,131,9.9%,35.5%,46,43
28,ベガルタ仙台,松本山雅ＦＣ,0,1,1,0,2019.10.5 14:00 Kick Off,晴,全面良芝,"15,285人",23.1℃,62.7%,46.3%,69.7%,70.6%,63.6%,64.3%,33.47,19.58,6.65,7.24,14.85,0.00,88.49,9.78,0.49,2.56,29,(0.0%),5,0,681,(84.1%),43,(30.2%),4,1,13,29,(96.6%),36,(75.0%),22,(68.2%),10,2,0,0,0,63,21,121,24.0%,63.5%,62,50
29,名古屋グランパス,ベガルタ仙台,0,2,0,3,2019.10.19 14:00 Kick Off,曇時々雨,全面良芝,"15,485人",22.3℃,34.5%,39.4%,45.5%,46.1%,26.0%,30.4%,9.59,8.57,0.52,0.50,8.48,2.88,72.56,24.88,0.86,2.209,11,(18.2%),5,1,302,(73.8%),13,(7.7%),8,1,3,13,(84.6%),9,(44.4%),13,(76.9%),43,2,2,0,0,32,9,108,10.2%,37.4%,46,33
30,ヴィッセル神戸,ベガルタ仙台,2,0,0,0,2019.11.2 13:00 Kick Off,晴,全面良芝,"18,975人",18.5℃,31.4%,35.1%,50.2%,41.4%,29.4%,49.5%,11.58,9.83,0.00,1.75,4.27,0.00,90.68,9.20,0.26,1.096,15,(0.0%),3,0,444,(78.2%),9,(0.0%),11,4,7,21,(90.5%),11,(54.5%),19,(47.4%),7,0,0,1,0,29,6,115,13.0%,39.8%,47,59
31,ベガルタ仙台,清水エスパルス,2,0,1,3,2019.11.10 13:05 Kick Off,晴,全面良芝,"15,553人",14.7℃,49.5%,32.2%,42.4%,31.3%,41.2%,40.7%,13.33,8.49,2.99,1.85,10.97,5.85,95.81,21.60,0.03,2.172,17,(11.8%),6,0,291,(73.5%),18,(33.3%),14,1,6,15,(80.0%),15,(66.7%),28,(71.4%),35,0,0,1,0,31,18,118,14.4%,39.7%,64,43
32,ガンバ大阪,ベガルタ仙台,2,0,0,0,2019.11.23 15:00 Kick Off,晴,全面良芝,"26,256人",20.4℃,34.5%,36.4%,35.1%,35.7%,41.9%,41.0%,10.20,8.22,0.90,1.08,3.45,0.00,79.60,24.98,0.51,0.616,10,(0.0%),2,0,372,(78.8%),9,(22.2%),10,0,3,24,(83.3%),14,(35.7%),21,(61.9%),29,2,4,0,0,37,6,115,8.7%,37.6%,47,32
33,ベガルタ仙台,大分トリニータ,2,0,1,3,2019.11.30 14:00 Kick Off,晴,全面良芝,"13,894人",8.2℃,30.5%,34.3%,29.1%,21.9%,24.0%,32.9%,5.87,4.72,0.98,0.18,5.31,5.66,75.96,19.17,0.44,0.708,11,(18.2%),3,0,244,(74.2%),5,(40.0%),12,1,3,12,(66.7%),4,(50.0%),13,(76.9%),32,2,2,0,0,17,2,96,11.5%,29%,40,49
34,サンフレッチェ広島,ベガルタ仙台,1,0,0,0,2019.12.7 14:00 Kick Off,晴,全面良芝,"13,228人",10.1℃,38.7%,32.9%,26.2%,36.1%,37.5%,38.1%,7.74,6.94,0.60,0.19,0.00,0.00,90.10,23.01,1.19,0.461,5,(0.0%),0,0,338,(71.6%),9,(11.1%),11,2,5,19,(73.7%),7,(28.6%),19,(68.4%),34,4,1,0,0,18,3,110,4.5%,34.6%,32,24
35,ベガルタ仙台,名古屋グランパス,1,1,1,1,2020.2.22 14:00 Kick Off,曇,全面良芝,"13,968人",9.7℃,48.3%,39.5%,36.1%,40.8%,34.8%,32.8%,7.43,5.74,0.92,0.77,5.67,1.23,113.31,17.22,0.29,0.97,12,(8.3%),3,0,295,(60.7%),12,(16.7%),7,0,5,23,(60.9%),12,(25.0%),28,(67.9%),26,1,1,1,0,24,9,130,9.2%,38.4%,50,44
36,湘南ベルマーレ,ベガルタ仙台,0,1,0,3,2020.7.4 19:00 Kick Off,曇,全面良芝,0人,25.6℃,39.0%,37.3%,34.4%,46.2%,50.8%,47.2%,14.16,8.27,2.09,3.80,5.35,5.35,80.49,17.18,0.19,1.246,15,(6.7%),3,0,378,(69.8%),16,(25.0%),12,1,9,19,(84.2%),24,(45.8%),19,(47.4%),33,2,2,1,0,37,17,123,12.2%,41.9%,58,50
37,ベガルタ仙台,浦和レッズ,1,2,1,0,2020.7.8 18:00 Kick Off,曇,全面良芝,0人,22.2℃,53.0%,48.2%,36.4%,55.1%,41.9%,44.3%,15.71,10.21,4.88,0.62,5.30,1.23,98.23,12.57,0.63,2.168,16,(6.3%),4,0,442,(79.4%),23,(39.1%),9,2,6,20,(95.0%),12,(33.3%),15,(80.0%),22,2,0,0,0,54,13,121,13.2%,45.7%,52,44
38,横浜ＦＣ,ベガルタ仙台,1,1,0,1,2020.7.12 18:00 Kick Off,晴のち曇,全面良芝,"2,235人",24.7℃,30.9%,37.1%,34.4%,47.5%,53.0%,43.5%,13.33,7.74,3.46,2.13,9.70,3.15,124.63,13.03,0.18,1.509,13,(7.7%),3,0,349,(68.8%),22,(31.8%),12,4,4,20,(55.0%),15,(66.7%),23,(78.3%),15,3,1,3,0,36,16,126,10.3%,40.7%,62,49
39,ベガルタ仙台,北海道コンサドーレ札幌,2,2,1,1,2020.7.18 18:00 Kick Off,曇,全面良芝,"2,597人",21.4℃,54.2%,46.6%,55.1%,49.9%,51.6%,39.3%,17.16,11.86,3.55,1.75,9.58,7.86,103.35,12.69,0.98,3.02,19,(10.5%),7,0,445,(81.8%),23,(30.4%),14,1,7,16,(87.5%),13,(61.5%),19,(84.2%),28,3,1,2,0,44,16,111,17.1%,49.6%,55,51
40,ベガルタ仙台,川崎フロンターレ,2,3,1,0,2020.7.22 19:30 Kick Off,曇,全面良芝,"2,507人",26℃,29.1%,42.4%,27.6%,32.8%,52.0%,51.5%,10.16,8.80,0.49,0.87,3.54,8.68,59.86,15.73,0.49,1.105,11,(18.2%),2,0,377,(76.9%),7,(14.3%),6,1,3,14,(85.7%),7,(57.1%),17,(70.6%),19,2,2,0,0,26,10,100,11.0%,39.4%,44,36
41,柏レイソル,ベガルタ仙台,5,1,0,0,2020.7.26 19:00 Kick Off,曇一時雨,全面良芝,"2,500人",26℃,52.4%,58.6%,46.2%,50.6%,66.5%,39.9%,16.65,10.94,3.05,2.67,7.85,1.19,62.64,14.11,2.72,1.643,14,(7.1%),4,0,509,(80.7%),18,(33.3%),12,0,4,23,(91.3%),11,(90.9%),15,(40.0%),12,3,3,1,0,34,10,117,12.0%,50.5%,46,46
42,ベガルタ仙台,横浜Ｆ・マリノス,0,1,1,0,2020.8.1 18:00 Kick Off,晴,全面良芝,"2,758人",24.1℃,26.1%,35.3%,31.3%,25.6%,40.9%,33.8%,7.74,5.57,1.93,0.24,9.43,0.00,102.71,25.31,0.69,0.731,9,(0.0%),6,0,263,(63.5%),13,(30.8%),7,0,5,21,(81.0%),7,(28.6%),20,(55.0%),34,2,2,0,0,24,8,124,7.3%,31.7%,48,41
43,ヴィッセル神戸,ベガルタ仙台,1,2,0,3,2020.8.8 19:00 Kick Off,晴,全面良芝,"4,333人",26.7℃,39.7%,51.9%,35.2%,31.6%,35.3%,28.5%,11.18,7.56,2.23,1.39,3.62,2.92,50.89,18.19,0.65,0.606,10,(10.0%),3,0,359,(81.9%),12,(33.3%),8,3,3,16,(81.3%),9,(44.4%),18,(66.7%),33,2,1,1,0,25,7,94,10.6%,36.9%,39,38
44,ベガルタ仙台,清水エスパルス,0,0,1,1,2020.8.15 18:00 Kick Off,晴,全面良芝,"2,718人",30.6℃,40.8%,34.8%,48.8%,51.6%,46.6%,47.0%,17.15,11.84,3.20,2.11,8.74,0.00,101.90,19.05,0.47,0.968,13,(0.0%),5,0,461,(82.0%),20,(30.0%),9,0,3,17,(88.2%),13,(53.8%),27,(66.7%),33,3,4,2,0,43,17,113,11.5%,44.7%,57,46
45,セレッソ大阪,ベガルタ仙台,2,1,0,0,2020.8.23 19:00 Kick Off,曇,全面良芝,"3,921人",30.6℃,50.0%,44.6%,50.2%,46.8%,51.8%,54.9%,12.09,10.88,0.56,0.65,2.63,2.63,93.01,10.82,0.20,0.411,8,(12.5%),2,0,516,(81.6%),16,(6.3%),7,3,5,19,(100.0%),10,(50.0%),14,(57.1%),17,5,1,0,0,43,8,106,7.5%,49.7%,50,50
46,サンフレッチェ広島,ベガルタ仙台,1,1,0,1,2020.8.29 19:00 Kick Off,晴,全面良芝,"3,124人",28.7℃,41.4%,54.5%,49.0%,49.3%,53.8%,42.3%,13.50,11.49,1.58,0.42,9.75,3.08,85.42,16.40,0.66,1.285,14,(7.1%),6,0,483,(80.7%),15,(20.0%),8,0,7,24,(91.7%),6,(33.3%),14,(64.3%),25,2,2,2,0,45,11,116,12.1%,48.3%,55,36
47,ベガルタ仙台,ガンバ大阪,1,4,1,0,2020.9.5 18:30 Kick Off,曇,全面良芝,"2,871人",26℃,47.9%,54.4%,59.6%,66.0%,63.4%,56.8%,16.26,10.28,5.17,0.81,10.30,2.57,74.80,11.80,0.06,2.525,18,(5.6%),6,1,532,(76.5%),28,(35.7%),6,2,8,31,(90.3%),10,(40.0%),9,(77.8%),13,0,2,2,0,37,15,126,14.3%,58%,56,55
48,鹿島アントラーズ,ベガルタ仙台,2,1,0,0,2020.9.9 19:00 Kick Off,曇,全面良芝,"3,839人",26.7℃,51.7%,36.9%,31.2%,39.5%,50.7%,50.6%,9.99,7.25,2.16,0.59,4.99,2.66,74.20,13.49,0.31,1.402,12,(8.3%),2,0,353,(79.9%),12,(33.3%),10,3,7,21,(81.0%),11,(27.3%),18,(72.2%),18,0,4,2,0,30,8,110,10.9%,43.4%,45,37
49,ベガルタ仙台,大分トリニータ,0,3,1,0,2020.9.13 18:00 Kick Off,曇のち雨,全面良芝,"2,191人",20.8℃,32.8%,30.4%,25.9%,68.7%,61.1%,55.4%,10.44,8.34,1.59,0.50,6.76,0.00,62.07,13.21,1.15,1.228,14,(0.0%),3,0,414,(75.1%),20,(15.0%),9,1,4,30,(90.0%),7,(42.9%),9,(77.8%),19,0,1,1,0,24,6,109,12.8%,44.6%,44,50
50,ＦＣ東京,ベガルタ仙台,1,0,0,0,2020.9.20 19:00 Kick Off,曇,全面良芝,"4,981人",23.4℃,42.4%,47.9%,56.6%,53.5%,70.0%,65.5%,13.62,12.60,0.42,0.60,8.17,0.00,69.98,10.92,0.12,0.943,12,(0.0%),4,0,549,(78.9%),14,(7.1%),12,1,4,26,(92.3%),11,(27.3%),14,(42.9%),17,1,0,1,0,40,11,119,10.1%,55.9%,47,52
51,横浜Ｆ・マリノス,ベガルタ仙台,3,1,0,0,2020.9.23 19:30 Kick Off,雨,全面良芝,"3,702人",20.1℃,36.8%,34.5%,25.8%,44.3%,26.2%,30.7%,8.88,7.32,0.00,1.56,4.43,5.08,129.68,24.72,0.68,0.34,9,(11.1%),4,0,322,(67.1%),17,(0.0%),11,1,5,18,(77.8%),13,(30.8%),29,(51.7%),22,8,4,1,0,25,6,137,6.6%,32.8%,39,36
52,ベガルタ仙台,セレッソ大阪,2,3,1,0,2020.9.27 13:00 Kick Off,曇一時雨,全面良芝,"2,789人",19℃,40.4%,39.6%,47.1%,49.0%,33.8%,34.5%,9.22,7.05,1.53,0.64,6.18,3.29,79.69,13.57,0.23,1.619,9,(22.2%),5,1,335,(72.8%),17,(17.6%),4,3,5,25,(88.0%),13,(30.8%),11,(45.5%),22,0,0,0,0,30,7,109,8.3%,41.2%,47,52
53,北海道コンサドーレ札幌,ベガルタ仙台,3,3,0,1,2020.10.3 14:00 Kick Off,屋内,全面良芝,"5,339人",23.1℃,41.6%,35.3%,44.9%,42.7%,30.2%,25.5%,8.94,6.30,2.00,0.65,10.00,6.77,68.97,17.41,0.64,1.805,13,(23.1%),7,0,296,(69.9%),14,(28.6%),7,2,5,29,(86.2%),9,(66.7%),13,(61.5%),23,1,3,1,0,22,6,107,12.1%,36.1%,49,40
54,川崎フロンターレ,ベガルタ仙台,1,0,0,0,2020.10.10 18:00 Kick Off,雨,全面良芝,"8,263人",17.9℃,27.1%,35.4%,28.8%,48.3%,46.8%,55.3%,10.02,7.13,2.07,0.82,2.66,0.00,81.52,20.56,1.16,0.959,8,(0.0%),1,0,403,(78.7%),17,(23.5%),8,1,3,18,(83.3%),15,(40.0%),16,(68.8%),34,3,1,0,0,24,5,109,7.3%,40%,35,29
55,ベガルタ仙台,横浜ＦＣ,0,0,1,1,2020.10.14 19:00 Kick Off,晴,全面良芝,"3,714人",18.5℃,35.2%,30.1%,22.9%,37.8%,33.3%,39.4%,7.19,5.94,1.06,0.20,1.05,0.00,74.54,21.94,0.21,0.858,5,(0.0%),0,0,301,(67.4%),22,(9.1%),9,1,6,22,(77.3%),9,(22.2%),17,(23.5%),25,3,2,2,0,22,7,110,4.5%,32.4%,50,43
56,浦和レッズ,ベガルタ仙台,6,0,0,0,2020.10.18 16:00 Kick Off,曇のち晴,全面良芝,"9,831人",21.1℃,56.0%,59.4%,66.6%,62.4%,49.2%,60.1%,20.46,15.44,2.45,2.57,4.63,0.00,103.35,14.95,1.18,1.478,18,(0.0%),2,0,604,(84.6%),21,(23.8%),8,1,6,17,(88.2%),17,(52.9%),19,(63.2%),15,2,1,1,0,56,17,118,15.3%,59.4%,56,40
57,名古屋グランパス,ベガルタ仙台,1,0,0,0,2020.10.24 14:00 Kick Off,晴,全面良芝,"9,367人",18.8℃,36.7%,30.8%,39.7%,37.6%,51.6%,41.4%,8.03,6.21,1.08,0.74,0.00,0.00,94.07,17.09,0.46,0.108,1,(0.0%),0,0,359,(70.2%),11,(18.2%),6,1,1,28,(89.3%),8,(50.0%),15,(53.3%),25,2,2,0,0,27,2,115,0.9%,38.8%,5,48
58,ベガルタ仙台,ヴィッセル神戸,2,3,1,0,2020.10.28 19:00 Kick Off,晴,全面良芝,"4,071人",13.3℃,39.2%,43.8%,30.8%,28.8%,36.2%,56.4%,10.12,8.63,1.02,0.48,3.90,5.20,117.79,17.77,1.39,1.335,8,(25.0%),3,0,379,(68.6%),20,(10.0%),2,4,4,17,(88.2%),7,(28.6%),18,(66.7%),24,3,1,0,0,25,11,118,6.8%,39.1%,49,42
59,ベガルタ仙台,サンフレッチェ広島,0,0,1,1,2020.10.31 13:00 Kick Off,晴,全面良芝,"4,001人",16.5℃,34.1%,32.4%,35.8%,33.9%,46.6%,60.8%,8.00,5.51,2.00,0.49,1.40,0.00,96.81,17.08,1.04,0.948,8,(0.0%),1,0,352,(66.5%),16,(25.0%),14,2,3,27,(77.8%),8,(50.0%),18,(66.7%),15,1,1,2,0,24,7,129,6.2%,41.3%,45,40
60,ベガルタ仙台,サガン鳥栖,0,3,1,0,2020.11.8 13:00 Kick Off,晴,全面良芝,"5,995人",19.3℃,35.9%,55.9%,34.7%,29.9%,48.0%,37.6%,8.42,6.93,0.48,1.01,0.00,0.00,82.61,14.05,0.35,0.16,5,(0.0%),0,0,424,(73.6%),16,(6.3%),9,5,4,26,(96.2%),11,(54.5%),20,(60.0%),16,0,2,3,0,22,0,117,4.3%,40.3%,53,50
61,ガンバ大阪,ベガルタ仙台,0,4,0,3,2020.11.14 15:00 Kick Off,晴,全面良芝,"11,567人",17.3℃,45.2%,42.8%,28.2%,42.6%,46.7%,33.7%,12.22,9.40,1.54,1.28,12.15,10.73,78.33,22.39,0.24,1.689,16,(25.0%),7,0,321,(74.8%),12,(25.0%),9,4,6,22,(90.9%),8,(62.5%),14,(57.1%),45,2,3,0,0,28,11,113,14.2%,38.8%,56,42
62,ベガルタ仙台,ＦＣ東京,2,2,1,1,2020.11.18 19:00 Kick Off,曇,全面良芝,"3,030人",13.4℃,41.3%,45.3%,49.1%,38.3%,67.7%,69.1%,17.29,13.21,3.71,0.37,7.59,8.32,88.73,12.46,0.45,1.255,10,(20.0%),5,0,587,(80.6%),23,(30.4%),8,2,2,22,(95.5%),12,(25.0%),24,(62.5%),16,2,2,4,0,62,9,116,8.6%,53.3%,54,48
63,ベガルタ仙台,鹿島アントラーズ,1,3,1,0,2020.11.21 15:00 Kick Off,晴,全面良芝,"7,487人",12.6℃,35.6%,47.2%,33.1%,44.3%,54.0%,65.6%,12.85,8.65,3.00,1.20,6.47,2.57,89.32,17.39,0.78,1.029,8,(12.5%),4,0,449,(75.5%),26,(23.1%),14,5,0,27,(92.6%),16,(62.5%),14,(71.4%),15,1,5,0,0,42,6,127,6.3%,46.3%,50,41
64,サガン鳥栖,ベガルタ仙台,0,1,0,3,2020.11.25 19:30 Kick Off,晴,全面良芝,"3,694人",15.1℃,33.8%,32.9%,36.9%,44.1%,45.6%,29.1%,12.21,7.86,3.81,0.54,4.77,2.57,80.86,23.26,0.83,1.741,15,(6.7%),2,0,388,(74.0%),16,(43.8%),6,4,2,20,(90.0%),9,(55.6%),16,(56.3%),37,0,2,1,0,24,9,113,13.3%,37%,47,42
65,ベガルタ仙台,柏レイソル,0,2,1,0,2020.12.1 19:00 Kick Off,晴,全面良芝,"2,720人",7.4℃,46.6%,49.4%,51.8%,38.1%,57.5%,45.2%,17.48,14.43,2.05,0.99,1.83,0.00,110.31,13.74,0.27,1.137,8,(0.0%),1,0,570,(77.0%),27,(14.8%),13,1,5,17,(94.1%),12,(58.3%),11,(81.8%),12,1,0,0,0,53,12,118,6.8%,48.4%,55,50
66,大分トリニータ,ベガルタ仙台,0,2,0,3,2020.12.6 14:00 Kick Off,晴,全面良芝,"6,289人",13.5℃,27.3%,24.3%,37.7%,25.7%,25.2%,32.4%,7.37,5.05,1.09,1.23,7.38,5.42,81.78,20.59,0.03,0.982,12,(16.7%),4,0,254,(65.4%),6,(33.3%),11,1,2,16,(81.3%),5,(80.0%),18,(61.1%),31,3,2,0,0,18,5,103,11.7%,29.3%,51,49
67,清水エスパルス,ベガルタ仙台,2,3,0,3,2020.12.16 19:00 Kick Off,晴,全面良芝,"5,023人",4.3℃,36.6%,37.9%,42.5%,33.4%,41.4%,34.4%,10.12,9.04,0.50,0.59,8.15,12.70,117.88,12.51,0.18,0.53,8,(37.5%),5,0,368,(68.8%),13,(7.7%),11,2,6,30,(70.0%),10,(20.0%),12,(66.7%),19,2,1,4,0,35,7,135,5.9%,37.5%,57,71
68,ベガルタ仙台,湘南ベルマーレ,0,0,1,1,2020.12.19 14:00 Kick Off,雪のち曇,全面良芝,"7,356人",3.4℃,51.1%,47.5%,59.0%,45.4%,66.1%,53.4%,12.97,9.34,3.22,0.41,6.64,0.00,75.73,19.91,0.29,0.858,10,(0.0%),5,0,488,(78.5%),22,(27.3%),21,3,1,17,(100.0%),7,(57.1%),9,(77.8%),32,2,2,2,0,30,10,110,9.1%,53.9%,52,38
69,サンフレッチェ広島,ベガルタ仙台,1,1,0,1,2021.2.27 14:00 Kick Off,晴,全面良芝,"8,820人",14℃,42.1%,68.3%,35.6%,37.3%,37.0%,40.5%,9.07,7.21,1.40,0.47,5.94,2.95,82.69,17.97,2.44,0.786,7,(14.3%),4,0,382,(79.6%),13,(23.1%),8,1,4,21,(61.9%),5,(40.0%),23,(82.6%),26,0,0,0,1,28,8,114,6.1%,42.4%,41,30
70,ベガルタ仙台,川崎フロンターレ,1,5,1,0,2021.3.6 14:00 Kick Off,晴,全面良芝,"9,005人",9.5℃,43.8%,34.3%,34.1%,45.2%,46.5%,40.9%,13.14,10.71,1.57,0.86,5.47,1.26,144.98,13.15,0.75,1.697,13,(7.7%),3,0,403,(73.2%),10,(30.0%),12,4,3,24,(75.0%),15,(33.3%),18,(77.8%),19,1,1,2,0,31,15,141,9.2%,40.3%,53,43
71,サガン鳥栖,ベガルタ仙台,5,0,0,0,2021.3.10 19:00 Kick Off,晴,全面良芝,"4,604人",13.6℃,46.3%,47.8%,37.1%,37.7%,48.9%,51.7%,18.01,11.99,3.78,2.24,6.18,0.00,99.41,12.62,0.59,2.066,13,(0.0%),3,1,569,(79.8%),19,(36.8%),14,1,8,10,(90.0%),12,(75.0%),11,(81.8%),17,0,1,0,0,38,12,119,10.9%,44.6%,50,59
72,湘南ベルマーレ,ベガルタ仙台,3,1,0,0,2021.3.13 16:03 Kick Off,雨,全面良芝,"3,642人",12.8℃,61.2%,58.5%,50.1%,48.0%,63.1%,65.9%,18.47,15.54,1.08,1.85,13.54,3.84,97.06,14.40,0.16,1.29,16,(6.3%),10,0,581,(80.6%),13,(15.4%),12,2,5,20,(90.0%),14,(57.1%),18,(77.8%),30,2,1,2,0,37,19,136,11.8%,58.2%,53,42
73,ＦＣ東京,ベガルタ仙台,2,1,0,0,2021.3.21 13:00 Kick Off,雨のち曇,全面良芝,"4,402人",20.1℃,39.1%,49.2%,35.4%,59.7%,68.0%,67.7%,10.79,8.65,1.45,0.69,8.71,2.59,77.32,10.71,0.29,0.919,11,(9.1%),3,0,461,(79.6%),16,(18.8%),10,0,4,26,(80.8%),7,(57.1%),22,(72.7%),13,0,1,5,0,36,6,113,9.7%,54%,43,47
74,ベガルタ仙台,ヴィッセル神戸,0,2,1,0,2021.4.3 14:00 Kick Off,晴,全面良芝,"4,619人",17.6℃,43.4%,43.3%,51.7%,47.8%,46.1%,52.8%,12.20,10.25,1.12,0.83,2.33,0.00,99.40,15.43,0.03,0.601,7,(0.0%),0,0,463,(72.6%),7,(28.6%),7,0,4,32,(71.9%),12,(41.7%),20,(70.0%),17,1,1,1,0,30,10,125,5.6%,48%,48,53
75,徳島ヴォルティス,ベガルタ仙台,1,0,0,0,2021.4.7 19:00 Kick Off,晴,全面良芝,"3,515人",16℃,43.2%,26.8%,41.9%,23.5%,57.6%,54.5%,11.85,9.24,1.04,1.57,4.70,0.00,106.37,8.93,0.51,1.054,14,(0.0%),3,0,377,(71.9%),19,(10.5%),10,2,3,30,(86.7%),12,(58.3%),15,(93.3%),11,7,1,1,0,30,13,119,11.8%,39.8%,60,63
76,ベガルタ仙台,横浜Ｆ・マリノス,0,0,1,1,2021.4.11 14:00 Kick Off,晴,全面良芝,"4,355人",13.6℃,34.9%,27.2%,25.9%,34.2%,36.5%,28.9%,5.20,3.99,1.09,0.12,1.05,0.00,92.15,21.13,0.09,0.175,4,(0.0%),1,0,235,(55.3%),12,(16.7%),10,2,0,31,(77.4%),10,(10.0%),20,(60.0%),33,5,2,1,0,23,6,129,3.1%,31.1%,47,51
77,横浜ＦＣ,ベガルタ仙台,2,2,0,1,2021.4.17 14:00 Kick Off,曇時々雨,全面良芝,"2,997人",16.9℃,43.6%,52.4%,49.1%,51.8%,67.7%,58.2%,18.38,13.22,4.11,1.04,9.20,3.84,114.83,11.17,0.19,2.846,20,(10.0%),6,0,530,(76.2%),23,(34.8%),8,1,7,28,(96.4%),17,(41.2%),18,(61.1%),9,2,0,1,0,53,13,128,15.6%,53.2%,60,51
78,北海道コンサドーレ札幌,ベガルタ仙台,2,1,0,0,2021.4.24 13:00 Kick Off,晴,全面良芝,"4,336人",19.9℃,45.8%,30.5%,30.5%,32.6%,25.6%,40.2%,10.77,8.47,1.50,0.80,2.50,2.65,93.93,18.06,0.43,0.857,12,(8.3%),2,0,318,(66.7%),12,(25.0%),6,1,4,21,(71.4%),5,(60.0%),22,(54.5%),28,4,1,0,0,38,8,121,9.9%,34.3%,54,48
79,ベガルタ仙台,柏レイソル,1,0,1,3,2021.5.1 14:00 Kick Off,曇,全面良芝,"4,292人",16.1℃,31.2%,52.4%,54.5%,37.5%,32.7%,40.4%,8.17,6.95,1.01,0.21,5.97,1.26,83.56,19.65,0.70,0.937,9,(11.1%),3,0,331,(68.9%),8,(25.0%),14,3,3,26,(73.1%),10,(20.0%),22,(77.3%),36,2,0,2,0,25,4,122,7.4%,41%,52,45
80,浦和レッズ,ベガルタ仙台,2,0,0,0,2021.5.9 16:00 Kick Off,曇,全面良芝,"4,750人",27.6℃,51.3%,26.6%,42.2%,29.4%,31.2%,41.1%,12.19,9.70,0.50,1.99,5.92,0.00,115.64,14.01,0.26,0.695,10,(0.0%),5,0,425,(81.9%),14,(7.1%),9,1,6,11,(100.0%),12,(66.7%),20,(70.0%),19,2,0,1,0,40,7,106,9.4%,38.3%,48,55
81,川崎フロンターレ,ベガルタ仙台,2,2,0,1,2021.5.12 19:00 Kick Off,曇,全面良芝,"4,752人",19.7℃,28.0%,32.9%,32.3%,29.5%,29.3%,37.7%,7.16,6.53,0.00,0.63,6.55,7.23,91.09,17.16,0.68,1.426,11,(18.2%),5,0,240,(60.4%),5,(0.0%),7,1,4,29,(82.8%),12,(25.0%),9,(77.8%),24,3,3,1,0,11,7,121,9.1%,32%,48,35
82,ベガルタ仙台,アビスパ福岡,0,1,1,0,2021.5.15 14:00 Kick Off,晴のち曇,全面良芝,"6,249人",20.3℃,44.8%,47.1%,64.5%,48.5%,39.3%,50.5%,14.06,9.12,3.58,1.37,6.84,0.00,79.29,22.01,0.49,1.257,14,(0.0%),3,0,409,(71.4%),23,(30.4%),7,1,6,25,(84.0%),21,(33.3%),15,(66.7%),32,0,0,3,0,35,12,129,10.9%,50.2%,59,43
83,ベガルタ仙台,大分トリニータ,2,1,1,3,2021.5.22 14:00 Kick Off,曇,全面良芝,"5,045人",16.9℃,33.3%,35.7%,38.0%,45.9%,49.1%,41.0%,8.90,7.41,1.49,0.00,6.79,6.07,57.17,17.48,0.87,0.623,7,(28.6%),3,0,358,(73.7%),4,(75.0%),11,2,1,29,(58.6%),4,(0.0%),12,(58.3%),27,0,2,0,0,25,7,103,6.8%,40.2%,46,53
84,名古屋グランパス,ベガルタ仙台,0,1,0,3,2021.5.26 19:00 Kick Off,曇,全面良芝,"4,999人",22℃,32.9%,36.2%,38.8%,28.1%,43.2%,33.8%,8.99,5.43,2.15,1.40,5.96,3.84,105.75,23.20,0.51,0.443,7,(14.3%),3,0,288,(61.5%),10,(40.0%),10,0,6,27,(66.7%),9,(44.4%),25,(76.0%),43,1,1,0,0,17,10,131,5.3%,35.3%,51,33
85,ベガルタ仙台,セレッソ大阪,1,1,1,1,2021.5.30 15:00 Kick Off,晴,全面良芝,"8,346人",21.6℃,44.5%,39.2%,35.2%,46.3%,45.3%,44.9%,11.41,9.31,1.01,1.09,5.89,2.64,102.49,14.74,1.51,0.93,10,(10.0%),4,0,409,(77.8%),12,(16.7%),12,2,1,13,(76.9%),14,(50.0%),15,(73.3%),26,2,0,1,0,35,6,109,9.2%,42%,46,48
86,鹿島アントラーズ,ベガルタ仙台,1,1,0,1,2021.6.20 17:00 Kick Off,曇,全面良芝,"9,312人",21.9℃,38.3%,42.1%,33.6%,43.9%,35.5%,41.1%,6.33,4.95,0.49,0.89,4.60,2.59,83.75,24.53,1.31,1.013,6,(16.7%),3,0,300,(67.3%),5,(20.0%),4,1,2,23,(87.0%),9,(33.3%),30,(70.0%),51,3,1,1,0,15,3,131,4.6%,39.2%,31,35
87,ベガルタ仙台,清水エスパルス,2,3,1,0,2021.6.23 19:00 Kick Off,曇,全面良芝,"5,054人",21.1℃,49.0%,59.2%,63.3%,62.2%,49.9%,65.0%,16.41,12.92,3.04,0.44,10.53,7.19,93.11,16.09,0.04,1.192,14,(14.3%),8,0,589,(80.1%),22,(27.3%),8,0,5,26,(100.0%),8,(37.5%),33,(69.7%),31,4,2,1,0,46,13,117,12.0%,59.3%,54,49
88,ベガルタ仙台,浦和レッズ,0,0,1,1,2021.7.3 19:00 Kick Off,雨のち曇,全面良芝,"8,243人",20.7℃,38.4%,17.5%,37.6%,35.2%,42.1%,41.4%,8.74,6.73,0.99,1.02,5.33,0.00,61.44,16.53,1.23,0.776,11,(0.0%),3,0,306,(69.6%),15,(13.3%),9,1,4,20,(85.0%),9,(55.6%),9,(77.8%),16,2,1,2,0,27,8,98,11.2%,36%,54,49
89,ベガルタ仙台,北海道コンサドーレ札幌,1,1,1,1,2021.7.10 19:00 Kick Off,曇,全面良芝,"7,885人",22.6℃,27.4%,37.5%,31.0%,56.8%,28.3%,43.8%,6.93,4.61,1.00,1.32,6.90,2.90,40.23,19.02,0.45,1.533,10,(10.0%),3,0,265,(71.7%),6,(33.3%),7,6,2,13,(76.9%),12,(50.0%),11,(72.7%),29,0,0,0,0,20,4,92,10.9%,37.7%,43,45
90,ベガルタ仙台,ガンバ大阪,0,1,1,0,2021.8.3 19:00 Kick Off,晴,全面良芝,"4,940人",28.5℃,51.5%,51.3%,53.1%,52.6%,64.0%,66.1%,16.81,13.22,1.98,1.60,4.70,0.00,81.04,12.88,0.22,1.537,16,(0.0%),3,0,574,(82.2%),22,(18.2%),7,0,5,19,(94.7%),12,(50.0%),6,(83.3%),20,3,2,1,0,49,16,105,15.2%,56.1%,54,55
91,セレッソ大阪,ベガルタ仙台,0,0,0,1,2021.8.9 19:00 Kick Off,曇,全面良芝,"4,200人",28.3℃,41.7%,56.1%,35.3%,33.7%,43.4%,62.9%,10.94,8.69,0.51,1.73,2.28,0.00,80.10,13.06,0.54,0.355,6,(0.0%),2,0,451,(78.3%),12,(8.3%),8,0,4,22,(100.0%),11,(72.7%),19,(68.4%),31,1,2,1,0,35,7,106,5.7%,47.2%,49,48
92,ベガルタ仙台,横浜ＦＣ,0,0,1,1,2021.8.14 19:00 Kick Off,雨,全面良芝,"5,827人",19℃,58.6%,57.0%,53.1%,73.4%,54.4%,64.9%,17.37,13.66,2.84,0.88,3.77,0.00,75.76,9.00,0.33,1.166,9,(0.0%),3,0,620,(85.8%),24,(20.8%),16,1,6,24,(91.7%),12,(33.3%),18,(66.7%),10,1,0,1,0,59,11,105,8.6%,59.8%,50,56
93,横浜Ｆ・マリノス,ベガルタ仙台,5,0,0,0,2021.8.21 18:00 Kick Off,晴時々曇,全面良芝,"4,857人",27.7℃,27.3%,29.8%,28.0%,47.9%,38.7%,39.2%,8.30,5.65,2.06,0.59,6.17,0.00,100.87,16.04,0.69,0.725,10,(0.0%),2,0,307,(70.0%),15,(26.7%),8,2,5,25,(88.0%),8,(50.0%),16,(62.5%),19,0,3,1,0,22,7,126,7.9%,35.1%,47,40
94,ベガルタ仙台,ＦＣ東京,1,2,1,0,2021.8.25 19:00 Kick Off,晴,全面良芝,"3,096人",27.8℃,40.8%,56.0%,55.4%,45.9%,55.9%,43.3%,10.33,8.08,2.14,0.11,3.59,2.95,50.68,13.29,0.78,0.719,9,(11.1%),2,0,340,(77.6%),14,(28.6%),12,2,3,17,(100.0%),6,(16.7%),21,(61.9%),28,0,1,2,0,34,5,88,10.2%,49.3%,49,36
95,ベガルタ仙台,サガン鳥栖,0,1,1,0,2021.8.29 19:00 Kick Off,晴,全面良芝,"3,807人",26.9℃,16.5%,30.1%,20.6%,37.6%,39.0%,46.2%,9.14,6.27,1.96,0.91,4.23,0.00,71.31,12.69,0.47,0.874,7,(0.0%),3,0,306,(70.9%),10,(40.0%),12,1,0,20,(65.0%),8,(50.0%),14,(78.6%),19,1,1,0,0,26,6,96,7.3%,31.8%,48,52
96,ガンバ大阪,ベガルタ仙台,2,3,0,3,2021.9.12 18:30 Kick Off,曇,全面良芝,"4,777人",24.6℃,43.9%,43.8%,46.4%,39.0%,42.3%,47.7%,12.61,9.94,0.52,2.15,9.47,8.65,71.16,13.94,0.48,1.452,13,(23.1%),6,0,416,(78.6%),7,(14.3%),7,0,2,19,(100.0%),12,(50.0%),15,(60.0%),26,2,1,1,0,34,9,105,12.4%,44.5%,48,53
97,清水エスパルス,ベガルタ仙台,2,1,0,0,2021.9.18 19:00 Kick Off,曇,全面良芝,"5,453人",25.2℃,48.1%,39.8%,55.7%,47.4%,57.0%,55.7%,15.29,10.44,2.98,1.88,6.57,4.02,75.66,12.03,0.41,0.943,13,(7.7%),3,0,394,(78.7%),14,(42.9%),17,2,1,18,(66.7%),8,(87.5%),17,(76.5%),17,1,4,2,0,38,10,103,12.6%,51.2%,54,67
98,ベガルタ仙台,徳島ヴォルティス,0,1,1,0,2021.9.25 14:00 Kick Off,曇,全面良芝,"4,613人",21.1℃,39.5%,45.1%,37.7%,39.7%,25.0%,39.1%,11.04,8.47,2.02,0.55,3.44,0.00,83.08,12.13,0.26,0.564,8,(0.0%),1,0,409,(70.7%),18,(22.2%),12,0,4,24,(79.2%),5,(80.0%),17,(70.6%),12,1,1,1,0,33,7,109,7.3%,37.8%,49,76
99,柏レイソル,ベガルタ仙台,1,1,0,1,2021.10.2 16:00 Kick Off,晴,全面良芝,"5,430人",27.8℃,33.9%,48.3%,50.2%,43.1%,49.4%,44.5%,10.24,8.65,0.53,1.07,5.85,3.16,57.46,24.61,0.13,0.762,10,(10.0%),5,0,350,(64.9%),12,(8.3%),10,0,3,27,(81.5%),9,(55.6%),14,(57.1%),25,2,1,0,0,23,13,112,8.9%,44.4%,51,35
100,大分トリニータ,ベガルタ仙台,2,0,0,0,2021.10.17 14:00 Kick Off,晴,全面良芝,"8,897人",19.9℃,30.8%,24.8%,22.7%,53.7%,51.3%,58.4%,7.00,5.99,0.47,0.53,0.00,0.00,101.26,13.64,0.24,0.404,4,(0.0%),0,0,373,(68.6%),10,(10.0%),10,1,1,24,(83.3%),9,(44.4%),25,(56.0%),10,3,1,1,0,25,5,118,3.4%,39.4%,34,48
101,ベガルタ仙台,サンフレッチェ広島,2,0,1,3,2021.10.23 14:00 Kick Off,晴,全面良芝,"6,236人",13.9℃,38.6%,28.2%,34.7%,37.4%,30.1%,35.1%,10.36,8.04,0.47,1.84,5.67,7.23,121.94,23.86,0.60,0.83,11,(18.2%),5,0,334,(72.5%),10,(10.0%),6,0,2,16,(75.0%),10,(60.0%),24,(70.8%),23,1,1,1,0,28,13,117,9.4%,34.5%,49,37
102,ヴィッセル神戸,ベガルタ仙台,4,2,0,0,2021.11.3 16:00 Kick Off,晴,全面良芝,"11,427人",19.7℃,40.3%,46.1%,28.4%,33.8%,29.9%,44.5%,8.12,6.83,0.54,0.74,5.36,5.85,94.56,15.72,1.44,0.892,7,(28.6%),3,0,327,(72.5%),13,(7.7%),6,0,4,20,(90.0%),12,(41.7%),22,(54.5%),22,1,1,2,1,24,7,102,6.9%,37.1%,45,43
103,ベガルタ仙台,名古屋グランパス,1,1,1,1,2021.11.7 14:00 Kick Off,晴,全面良芝,"8,341人",17℃,38.1%,41.9%,52.7%,43.1%,37.7%,37.6%,10.39,9.28,0.00,1.11,4.73,5.10,81.18,13.81,0.47,0.325,8,(12.5%),3,0,410,(77.8%),9,(0.0%),9,2,2,17,(94.1%),9,(44.4%),19,(63.2%),19,1,1,0,0,30,2,107,7.5%,41.9%,21,54
104,ベガルタ仙台,湘南ベルマーレ,0,2,1,0,2021.11.20 14:00 Kick Off,晴,全面良芝,"8,362人",14.3℃,46.2%,58.3%,66.2%,56.7%,58.4%,60.5%,13.00,10.78,1.63,0.59,3.36,0.00,93.84,13.21,0.26,1.598,11,(0.0%),2,0,541,(77.1%),19,(15.8%),15,1,3,27,(88.9%),18,(33.3%),21,(71.4%),15,2,4,1,0,40,9,119,9.2%,58.1%,45,47
105,アビスパ福岡,ベガルタ仙台,2,2,0,1,2021.11.27 14:00 Kick Off,晴,全面良芝,"7,663人",15.1℃,56.6%,50.7%,54.4%,50.0%,43.4%,38.1%,11.75,9.40,1.61,0.74,4.55,4.14,103.11,18.63,0.36,1.393,16,(12.5%),3,0,437,(74.1%),19,(15.8%),8,0,8,16,(87.5%),9,(33.3%),19,(68.4%),26,1,3,1,0,37,11,115,13.9%,48.4%,54,38
106,ベガルタ仙台,鹿島アントラーズ,0,1,1,0,2021.12.4 14:00 Kick Off,曇,全面良芝,"8,569人",9.6℃,40.3%,36.6%,31.4%,52.9%,39.2%,58.1%,11.92,9.39,1.07,1.46,4.75,0.00,72.12,15.70,0.34,0.874,11,(0.0%),0,0,351,(74.1%),13,(15.4%),15,2,3,30,(73.3%),10,(50.0%),18,(66.7%),24,2,2,0,0,32,9,122,9.0%,43.6%,49,37
107,ベガルタ仙台,アルビレックス新潟,0,0,1,1,2022.2.20 14:00 Kick Off,晴,全面良芝,"9,617人",6.6℃,34.0%,39.7%,51.8%,42.2%,48.8%,43.4%,12.65,9.69,2.02,0.93,3.55,0.00,82.71,20.63,0.48,0.447,6,(0.0%),3,0,465,(80.6%),11,(36.4%),12,1,2,20,(75.0%),8,(62.5%),22,(77.3%),37,1,3,1,0,35,8,119,5.0%,43.1%,45,37
108,水戸ホーリーホック,ベガルタ仙台,2,3,0,3,2022.2.27 14:00 Kick Off,晴,全面良芝,"4,673人",18.3℃,43.2%,50.0%,57.4%,50.1%,42.7%,46.5%,14.60,12.04,1.42,1.14,11.85,6.68,107.17,14.95,0.92,2.363,18,(16.7%),5,1,432,(70.8%),13,(23.1%),9,4,5,25,(72.0%),11,(54.5%),32,(65.6%),12,4,2,2,0,28,14,138,13.0%,48.9%,50,42
109,ベガルタ仙台,ザスパクサツ群馬,0,0,1,1,2022.3.6 14:00 Kick Off,晴,全面良芝,"7,072人",5.8℃,64.0%,65.1%,66.1%,73.7%,60.6%,55.8%,23.98,22.62,1.11,0.25,4.38,0.00,77.81,8.20,0.25,0.858,9,(0.0%),2,0,864,(86.5%),22,(9.1%),6,1,5,32,(96.9%),7,(28.6%),19,(73.7%),5,2,1,0,0,66,15,113,8.0%,63.9%,52,55
110,ベガルタ仙台,いわてグルージャ盛岡,3,0,1,3,2022.3.12 13:00 Kick Off,晴,全面良芝,"7,207人",15.1℃,60.4%,67.4%,56.5%,64.8%,56.1%,57.7%,19.44,15.66,1.52,2.26,10.94,11.35,94.93,17.52,0.11,1.053,13,(23.1%),8,0,558,(79.7%),14,(21.4%),19,4,4,19,(84.2%),13,(46.2%),21,(61.9%),29,3,3,1,0,38,13,122,10.7%,60%,52,38
111,モンテディオ山形,ベガルタ仙台,2,3,0,3,2022.3.20 14:00 Kick Off,曇時々晴,全面良芝,"11,456人",9.5℃,40.1%,35.5%,56.2%,50.6%,54.5%,54.6%,19.66,15.83,0.59,3.24,10.24,9.39,91.15,15.00,0.19,1.341,14,(21.4%),7,0,475,(77.3%),17,(5.9%),11,4,6,20,(80.0%),17,(70.6%),19,(63.2%),18,6,0,2,0,45,19,126,11.1%,49%,62,48
112,ベガルタ仙台,ＦＣ町田ゼルビア,0,3,1,0,2022.3.26 14:00 Kick Off,雨,全面良芝,"7,234人",11.1℃,56.9%,67.9%,60.7%,60.2%,47.2%,65.5%,16.85,16.12,0.56,0.16,2.31,0.00,84.22,16.78,0.60,0.245,6,(0.0%),1,0,652,(81.3%),15,(6.7%),17,4,0,26,(92.3%),7,(28.6%),13,(76.9%),20,5,1,1,0,38,9,131,4.6%,59.7%,40,45
113,ベガルタ仙台,大分トリニータ,1,3,1,0,2022.3.30 19:00 Kick Off,晴,全面良芝,"5,447人",14.1℃,32.7%,41.3%,47.1%,54.9%,48.0%,56.0%,14.39,12.64,1.01,0.73,10.31,5.33,83.79,12.16,0.48,0.692,15,(6.7%),4,0,460,(81.7%),14,(14.3%),13,2,3,28,(96.4%),8,(62.5%),22,(59.1%),18,2,2,0,0,41,11,114,13.2%,47.3%,51,55
114,ヴァンフォーレ甲府,ベガルタ仙台,2,3,0,3,2022.4.3 14:00 Kick Off,雨,全面良芝,"3,037人",10.7℃,62.8%,45.5%,58.3%,51.4%,41.3%,39.4%,15.86,12.34,2.29,1.24,15.56,8.73,90.00,21.43,1.92,1.513,16,(18.8%),8,0,514,(75.7%),13,(30.8%),10,0,1,22,(95.5%),7,(57.1%),22,(59.1%),31,5,1,0,0,32,11,124,12.9%,49.3%,45,44
115,ベガルタ仙台,レノファ山口ＦＣ,2,1,1,3,2022.4.10 14:00 Kick Off,晴,全面良芝,"7,613人",22.2℃,42.5%,47.4%,26.6%,18.5%,29.8%,31.7%,5.54,4.41,1.13,0.00,4.33,5.83,75.25,19.32,1.66,0.7,8,(25.0%),3,0,241,(65.6%),5,(40.0%),9,0,2,13,(46.2%),5,(0.0%),19,(73.7%),43,1,2,4,1,21,4,109,7.3%,31.8%,34,33
116,横浜ＦＣ,ベガルタ仙台,2,1,0,0,2022.4.17 14:00 Kick Off,曇,全面良芝,"5,475人",18.6℃,30.3%,46.5%,33.9%,31.1%,41.9%,43.0%,12.65,10.39,1.08,1.18,6.76,4.24,84.20,10.15,0.27,0.804,12,(8.3%),5,0,363,(75.2%),11,(18.2%),16,0,2,20,(75.0%),6,(83.3%),15,(66.7%),21,3,1,2,0,33,11,109,11.0%,38.1%,54,59
117,ベガルタ仙台,ＦＣ琉球,2,0,1,3,2022.4.23 14:00 Kick Off,晴,全面良芝,"6,657人",19℃,59.1%,69.6%,56.7%,49.9%,39.8%,42.3%,21.31,17.72,2.33,1.26,11.70,5.56,97.14,12.59,0.20,1.83,19,(10.5%),8,0,594,(85.4%),16,(25.0%),11,0,7,18,(72.2%),14,(35.7%),19,(73.7%),15,2,1,1,0,51,18,115,16.5%,53.7%,56,63
118,ロアッソ熊本,ベガルタ仙台,0,2,0,3,2022.4.27 19:00 Kick Off,晴,全面良芝,"1,671人",22℃,43.4%,29.6%,44.9%,33.7%,46.1%,54.8%,17.67,15.00,1.07,1.60,11.72,6.99,109.25,15.32,1.07,1.957,22,(9.1%),6,0,441,(80.5%),14,(14.3%),11,1,3,17,(82.4%),11,(45.5%),23,(73.9%),30,3,1,0,0,32,10,116,19.0%,43.4%,55,49
119,ベガルタ仙台,ブラウブリッツ秋田,3,1,1,3,2022.5.1 16:00 Kick Off,雨,全面良芝,"9,612人",11.3℃,71.0%,75.0%,69.4%,73.5%,67.9%,62.3%,23.53,19.02,2.17,2.33,8.40,10.49,114.49,18.66,0.82,2.052,19,(15.8%),6,0,722,(83.2%),20,(20.0%),6,0,7,29,(82.8%),12,(75.0%),18,(66.7%),29,2,0,0,0,45,19,136,14.0%,69.8%,53,42
120,東京ヴェルディ,ベガルタ仙台,3,1,0,0,2022.5.4 14:00 Kick Off,晴,全面良芝,"12,521人",24.1℃,38.0%,39.0%,50.3%,49.9%,43.0%,50.0%,14.70,11.28,2.07,1.34,11.20,2.63,75.29,12.80,0.46,1.947,16,(6.3%),6,0,416,(79.8%),13,(30.8%),11,0,4,25,(76.0%),8,(50.0%),13,(84.6%),21,2,1,0,0,31,10,111,14.4%,45%,52,29
121,Ｖ・ファーレン長崎,ベガルタ仙台,0,2,0,3,2022.5.8 14:00 Kick Off,晴,全面良芝,"10,345人",26.1℃,34.0%,33.0%,35.0%,34.5%,59.7%,35.3%,9.59,7.38,1.10,1.11,4.71,4.16,64.56,17.71,0.29,0.874,5,(40.0%),4,0,364,(76.9%),3,(66.7%),13,0,0,24,(79.2%),10,(40.0%),14,(57.1%),34,1,1,0,0,13,5,113,4.4%,38.4%,37,48
122,ベガルタ仙台,ツエーゲン金沢,4,1,1,3,2022.5.15 14:00 Kick Off,晴,全面良芝,"8,536人",19.7℃,53.5%,46.7%,60.0%,48.8%,31.9%,42.8%,17.82,14.29,2.24,1.29,8.89,9.74,82.56,17.32,0.51,1.764,12,(33.3%),7,0,494,(82.8%),11,(36.4%),6,0,3,20,(70.0%),9,(44.4%),21,(76.2%),27,1,2,1,0,31,12,107,11.2%,47.7%,46,46
123,大宮アルディージャ,ベガルタ仙台,2,4,0,3,2022.5.21 14:00 Kick Off,雨のち曇,全面良芝,"6,388人",19.5℃,72.7%,65.4%,36.8%,52.1%,51.8%,52.7%,17.84,13.73,2.16,1.94,12.01,12.11,70.77,17.39,0.17,1.527,15,(26.7%),7,0,561,(83.8%),8,(50.0%),11,3,4,20,(75.0%),9,(55.6%),15,(86.7%),27,5,3,1,0,27,13,116,12.9%,55.3%,44,43
124,ベガルタ仙台,ファジアーノ岡山,0,0,1,1,2022.5.25 19:00 Kick Off,曇のち晴,全面良芝,"6,358人",19.2℃,65.2%,41.9%,64.1%,56.6%,58.0%,57.0%,19.05,14.57,2.63,1.85,9.21,0.00,107.47,10.53,0.60,0.843,15,(0.0%),5,0,545,(78.3%),20,(25.0%),15,1,7,19,(78.9%),9,(77.8%),25,(68.0%),16,2,1,1,0,39,16,124,12.1%,57.6%,55,49
125,ベガルタ仙台,栃木ＳＣ,2,1,1,3,2022.5.29 14:00 Kick Off,晴,全面良芝,"9,273人",28.2℃,46.9%,43.4%,62.3%,57.0%,50.9%,38.5%,12.74,9.86,2.17,0.72,10.95,2.57,44.10,18.46,0.36,1.333,13,(15.4%),6,0,465,(77.8%),15,(26.7%),8,1,8,21,(90.5%),4,(75.0%),14,(42.9%),24,2,0,1,0,15,8,111,11.7%,49.4%,46,32
126,ジェフユナイテッド千葉,ベガルタ仙台,2,0,0,0,2022.6.5 14:00 Kick Off,晴のち曇,全面良芝,"7,401人",27.3℃,51.2%,72.4%,45.3%,50.8%,55.8%,68.9%,14.04,12.21,1.16,0.68,5.79,0.00,85.16,8.41,0.14,1.341,13,(0.0%),4,0,583,(81.3%),9,(22.2%),15,2,2,36,(80.6%),13,(15.4%),15,(80.0%),11,3,0,1,0,37,8,125,10.4%,57.3%,42,50
127,徳島ヴォルティス,ベガルタ仙台,2,2,0,1,2022.6.11 18:00 Kick Off,雨,全面良芝,"2,965人",21.5℃,36.3%,49.5%,42.3%,48.2%,41.3%,54.8%,15.02,12.42,2.11,0.48,6.13,5.33,81.66,10.69,0.17,2.186,13,(15.4%),4,1,452,(75.9%),13,(38.5%),13,1,6,30,(86.7%),8,(37.5%),15,(60.0%),12,4,0,3,0,26,12,125,10.4%,44.8%,50,61
128,ベガルタ仙台,横浜ＦＣ,2,3,1,0,2022.6.18 18:00 Kick Off,曇,全面良芝,"11,988人",24℃,44.6%,59.5%,61.4%,60.0%,52.5%,70.0%,20.70,18.26,1.49,0.96,6.20,5.58,114.36,8.92,0.00,1.389,15,(13.3%),4,0,630,(80.3%),14,(21.4%),15,1,1,20,(100.0%),10,(40.0%),25,(76.0%),8,4,3,1,0,57,11,135,11.1%,58.5%,53,60
129,ベガルタ仙台,モンテディオ山形,1,1,1,1,2022.6.25 16:00 Kick Off,晴,全面良芝,"15,372人",31.1℃,42.7%,51.3%,44.8%,59.5%,65.1%,61.1%,18.44,14.22,2.68,1.54,9.47,1.26,77.83,14.26,0.44,2.777,16,(6.3%),6,0,515,(81.7%),24,(20.8%),11,3,5,20,(85.0%),10,(50.0%),18,(66.7%),18,3,2,2,0,41,17,109,14.7%,53.7%,58,52
130,ＦＣ町田ゼルビア,ベガルタ仙台,2,3,0,3,2022.7.2 18:00 Kick Off,曇,全面良芝,"3,281人",30℃,43.4%,35.5%,37.3%,34.6%,42.8%,42.7%,10.40,8.69,0.53,1.18,9.57,5.17,52.17,14.22,0.15,1.534,14,(21.4%),5,0,262,(75.6%),4,(25.0%),16,3,3,24,(83.3%),10,(60.0%),16,(62.5%),31,1,0,2,0,18,5,105,13.3%,39.6%,47,48
131,ベガルタ仙台,ヴァンフォーレ甲府,3,0,1,3,2022.7.6 19:00 Kick Off,曇,全面良芝,"5,488人",24℃,66.6%,49.9%,48.8%,37.9%,35.2%,41.7%,14.80,11.47,1.65,1.68,7.64,10.31,93.91,12.28,0.00,1.103,13,(23.1%),5,0,428,(81.3%),10,(30.0%),15,1,2,17,(100.0%),6,(50.0%),10,(40.0%),16,3,0,1,0,34,12,104,12.5%,47.3%,52,53
132,ＦＣ琉球,ベガルタ仙台,1,1,0,1,2022.7.10 19:00 Kick Off,晴,全面良芝,"2,012人",30.8℃,58.3%,53.8%,44.1%,57.1%,75.6%,65.3%,18.12,14.96,2.70,0.45,8.26,2.63,65.33,13.79,0.72,2.544,16,(6.3%),5,1,583,(82.8%),8,(62.5%),12,0,3,23,(69.6%),15,(20.0%),17,(88.2%),16,1,4,1,0,38,12,118,13.6%,59.4%,49,44
133,いわてグルージャ盛岡,ベガルタ仙台,1,5,0,3,2022.7.16 18:00 Kick Off,曇,全面良芝,"3,029人",22.8℃,50.4%,54.6%,48.8%,56.8%,50.9%,56.7%,13.31,11.64,1.12,0.55,6.73,18.29,80.00,12.71,0.10,2.054,15,(33.3%),6,1,377,(75.1%),14,(14.3%),15,3,9,34,(61.8%),10,(30.0%),20,(75.0%),19,0,2,0,0,39,12,131,11.5%,52.9%,59,44
134,ベガルタ仙台,Ｖ・ファーレン長崎,1,2,1,0,2022.7.23 19:00 Kick Off,晴,全面良芝,"11,338人",24.8℃,51.2%,45.0%,57.7%,55.2%,63.5%,66.6%,21.72,16.34,3.52,1.86,8.93,0.31,67.71,9.30,0.00,2.091,18,(5.6%),6,1,569,(81.4%),25,(32.0%),15,2,5,24,(91.7%),15,(40.0%),14,(78.6%),12,0,2,1,0,50,15,117,15.4%,56.2%,65,57
135,レノファ山口ＦＣ,ベガルタ仙台,2,2,0,1,2022.7.30 19:00 Kick Off,曇一時雨,全面良芝,"3,588人",28.6℃,43.8%,80.8%,56.2%,38.5%,30.2%,33.6%,11.25,8.41,2.16,0.69,5.74,4.46,66.90,12.70,0.92,1.931,13,(15.4%),5,0,422,(79.1%),11,(36.4%),12,1,6,28,(71.4%),8,(50.0%),11,(63.6%),27,2,1,1,0,27,8,120,10.8%,47%,42,61
136,ツエーゲン金沢,ベガルタ仙台,1,4,0,3,2022.8.6 19:00 Kick Off,晴,全面良芝,"3,215人",30.6℃,48.4%,40.5%,44.8%,41.6%,68.4%,59.3%,14.69,11.19,1.23,2.26,9.83,8.02,84.57,15.37,0.01,3.745,18,(22.2%),7,2,416,(79.3%),16,(12.5%),6,0,6,21,(66.7%),15,(66.7%),23,(69.6%),27,3,2,1,0,32,17,117,15.4%,49.8%,50,54
137,ベガルタ仙台,大宮アルディージャ,2,3,1,0,2022.8.13 19:00 Kick Off,曇,全面良芝,"12,920人",26.9℃,57.8%,66.3%,52.0%,62.4%,57.2%,72.0%,22.42,17.54,3.92,0.97,10.68,7.93,71.98,8.34,0.28,1.886,19,(10.5%),7,0,609,(81.8%),32,(21.9%),7,1,11,31,(87.1%),12,(50.0%),13,(61.5%),18,0,0,0,0,59,16,126,15.1%,61.9%,61,53
138,ザスパクサツ群馬,ベガルタ仙台,1,0,0,0,2022.8.20 19:00 Kick Off,雨,全面良芝,"4,142人",25.9℃,68.7%,70.0%,52.2%,46.7%,62.9%,66.1%,17.98,15.20,1.59,1.19,4.52,0.00,46.89,9.02,3.08,0.815,11,(0.0%),0,0,609,(84.4%),12,(25.0%),10,0,3,20,(80.0%),14,(42.9%),14,(57.1%),11,3,4,1,0,38,9,100,11.0%,62%,44,37
139,ベガルタ仙台,ジェフユナイテッド千葉,0,2,1,0,2022.8.27 19:00 Kick Off,曇一時雨,全面良芝,"9,310人",24.6℃,33.7%,40.5%,41.1%,38.6%,53.6%,57.9%,8.75,7.31,0.53,0.91,7.50,0.00,78.71,12.20,0.00,0.582,12,(0.0%),4,0,311,(65.3%),13,(7.7%),18,2,6,20,(55.0%),12,(41.7%),24,(58.3%),19,1,3,1,0,26,2,113,10.6%,46.4%,53,45
140,ベガルタ仙台,水戸ホーリーホック,1,2,1,0,2022.9.3 19:00 Kick Off,曇のち雨,全面良芝,"7,139人",23.2℃,49.8%,64.7%,56.3%,58.9%,55.6%,67.7%,18.12,15.13,2.67,0.32,6.25,0.31,54.94,10.53,0.00,2.785,15,(6.7%),5,1,524,(81.7%),18,(27.8%),13,0,5,24,(79.2%),8,(37.5%),16,(81.3%),25,0,0,3,0,47,9,105,14.3%,59.4%,57,51
141,大分トリニータ,ベガルタ仙台,1,0,0,0,2022.9.10 19:00 Kick Off,晴,全面良芝,"7,705人",25.4℃,26.0%,26.7%,19.5%,42.7%,41.1%,63.6%,8.79,7.99,0.58,0.22,0.00,0.00,67.04,13.94,1.49,0.342,4,(0.0%),0,0,381,(80.8%),9,(11.1%),3,0,3,16,(75.0%),4,(25.0%),15,(66.7%),24,0,1,0,0,22,6,92,4.3%,36.8%,36,47
142,栃木ＳＣ,ベガルタ仙台,0,1,0,3,2022.9.14 19:00 Kick Off,晴,全面良芝,"3,514人",23℃,64.8%,46.6%,45.8%,44.8%,47.8%,37.7%,12.90,12.12,0.48,0.30,3.74,2.66,83.61,10.13,0.57,0.313,6,(16.7%),2,0,441,(76.9%),11,(9.1%),17,2,2,23,(95.7%),4,(25.0%),9,(77.8%),17,0,1,2,0,32,10,115,5.2%,47.3%,52,53
143,ベガルタ仙台,徳島ヴォルティス,1,1,1,1,2022.9.18 13:00 Kick Off,晴のち曇,全面良芝,"7,727人",27.9℃,49.6%,39.1%,37.6%,27.5%,26.5%,29.9%,13.05,11.05,1.09,0.91,6.47,2.63,60.36,11.88,0.11,1.568,11,(9.1%),2,0,348,(80.5%),15,(13.3%),12,6,2,12,(83.3%),7,(42.9%),13,(84.6%),20,1,0,3,1,27,11,95,11.6%,35%,49,56
144,ファジアーノ岡山,ベガルタ仙台,3,0,0,0,2022.9.25 13:00 Kick Off,晴,全面良芝,"11,661人",26.7℃,39.9%,44.4%,45.9%,56.6%,59.0%,63.4%,12.75,10.59,1.62,0.53,5.83,0.00,62.47,11.95,0.52,1.232,11,(0.0%),5,0,448,(76.8%),13,(23.1%),13,2,1,26,(80.8%),8,(50.0%),16,(62.5%),23,4,0,2,0,29,8,117,9.4%,51.2%,43,63
145,ベガルタ仙台,東京ヴェルディ,0,2,1,0,2022.10.2 14:00 Kick Off,晴,全面良芝,"11,187人",24.4℃,40.3%,38.4%,31.9%,52.1%,56.0%,52.6%,13.22,12.12,1.10,0.00,6.97,0.00,114.92,13.91,0.30,1.035,11,(0.0%),4,0,425,(74.6%),11,(18.2%),17,0,3,22,(81.8%),6,(0.0%),11,(54.5%),26,4,6,1,0,30,9,125,8.8%,44.7%,55,44
146,アルビレックス新潟,ベガルタ仙台,3,0,0,0,2022.10.8 14:00 Kick Off,晴,全面良芝,"32,979人",19.9℃,36.0%,34.8%,20.0%,21.5%,30.5%,47.6%,10.75,10.75,0.00,0.00,2.21,0.00,73.47,13.48,0.30,0.366,7,(0.0%),1,0,421,(81.2%),7,(0.0%),10,2,0,10,(80.0%),3,(0.0%),14,(35.7%),20,2,0,1,0,23,6,91,7.7%,32.6%,39,53
147,ベガルタ仙台,ロアッソ熊本,2,1,1,3,2022.10.16 16:00 Kick Off,晴,全面良芝,"11,715人",19.3℃,49.2%,40.3%,40.0%,38.9%,24.8%,50.3%,14.10,11.02,1.52,1.57,4.20,4.60,98.12,13.48,0.15,1.592,13,(15.4%),3,0,370,(68.6%),13,(23.1%),8,0,6,36,(77.8%),11,(54.5%),15,(53.3%),22,0,0,2,0,28,11,127,10.2%,41.3%,64,60
