Round,Hteam,Ateam,Hscore,Ascore,HorA,WorL,Date,Wether,Grass_condition,Spectators,temperature,TimeLine1,TimeLine2,TimeLine3,TimeLine4,TimeLine5,TimeLine6,Attack_CBP,Pass_CBP,Cross_CBP,Dribble_CBP,Shots_CBP,Score_CBP,Seizure,Diffence,Save_CBP,Expect_Goal,Shots,Shots_Success,On_Target,PK,Pass,Pass_Success,Cross,Cross_Success,D_FK,I_FK,CK,Throwing,Throwing_Success,Dribble,Dribble_Success,Tackle,Tackle_Success,Clear,Intercept,OffSide,Yellow,Red,Approach_30m,Approach_Penalty,Attack_Num,Chances,Control
第1節,カマタマーレ讃岐,いわてグルージャ盛岡,1,0,0,0,2019.3.10 13:00 Kick Off,雨,全面良芝,"2,342人",11.5℃,44.2%,43.9%,56.2%,51.3%,51.9%,52.4%,13.00,9.65,2.41,0.94,10.26,0.00,68.96,16.08,1.25,0.977,14,(0.0%),5,0,425,(67.5%),20,(25.0%),19,4,9,28,(64.3%),7,(71.4%),17,(58.8%),25,0,1,1,0,29,10,138,10.1%,49.8%
第2節,ＦＣ東京Ｕ−２３,いわてグルージャ盛岡,0,1,0,3,2019.3.16 14:00 Kick Off,曇,全面良芝,"1,049人",15.9℃,37.6%,41.6%,35.2%,46.0%,38.4%,34.7%,8.39,6.09,1.79,0.51,5.80,2.51,72.91,15.56,0.48,1.092,10,(10.0%),1,0,330,(68.2%),9,(33.3%),17,2,6,21,(76.2%),10,(30.0%),24,(66.7%),36,0,2,1,0,18,5,132,7.6%,39%
第3節,いわてグルージャ盛岡,ブラウブリッツ秋田,3,1,1,3,2019.3.24 13:00 Kick Off,曇時々雪,良芝,"2,084人",5.6℃,49.9%,49.4%,48.2%,57.2%,36.0%,56.3%,11.91,9.05,1.47,1.39,10.55,5.15,110.96,13.76,0.14,2.236,13,(23.1%),6,0,340,(69.1%),10,(30.0%),14,2,3,20,(75.0%),12,(41.7%),32,(68.8%),33,6,1,1,0,31,11,139,9.4%,50.1%
第4節,いわてグルージャ盛岡,ロアッソ熊本,0,1,1,0,2019.3.31 13:00 Kick Off,雪,良芝,708人,1.5℃,47.1%,47.3%,46.7%,49.5%,47.2%,48.7%,13.30,7.07,4.01,2.22,10.58,0.00,101.52,21.28,0.74,1.636,20,(0.0%),7,0,348,(51.1%),32,(25.0%),16,0,5,38,(65.8%),11,(72.7%),25,(60.0%),38,1,3,0,0,27,12,162,12.3%,47.8%
第5節,ＡＣ長野パルセイロ,いわてグルージャ盛岡,1,2,0,3,2019.4.6 14:00 Kick Off,晴,全面良芝,"2,554人",13.4℃,42.9%,47.6%,45.8%,34.1%,44.1%,43.2%,6.74,5.15,1.12,0.48,3.17,4.08,94.91,27.07,0.21,0.903,6,(33.3%),3,0,271,(49.4%),5,(40.0%),17,4,2,19,(78.9%),6,(33.3%),32,(62.5%),53,3,0,0,0,15,5,147,4.1%,42.8%
第6節,いわてグルージャ盛岡,カターレ富山,1,2,1,0,2019.4.14 13:00 Kick Off,晴,全面良芝,727人,18.1℃,38.0%,34.4%,40.9%,44.8%,43.1%,42.6%,6.06,4.96,0.44,0.66,5.07,0.30,73.95,19.25,0.33,1.264,8,(12.5%),3,1,304,(60.9%),7,(28.6%),13,6,4,29,(75.9%),7,(28.6%),26,(57.7%),22,2,1,2,0,14,5,139,5.8%,40.5%
第7節,ガイナーレ鳥取,いわてグルージャ盛岡,1,1,0,1,2019.4.28 13:00 Kick Off,晴,全面良芝,"2,005人",18.3℃,43.1%,38.5%,60.4%,48.5%,57.2%,61.4%,19.88,12.38,5.20,2.30,10.70,2.54,96.77,15.65,0.15,2.004,21,(4.8%),5,0,427,(70.3%),22,(45.5%),10,4,3,31,(77.4%),16,(56.3%),17,(70.6%),34,1,2,1,0,42,16,140,15.0%,51.3%
第8節,いわてグルージャ盛岡,Ｙ．Ｓ．Ｃ．Ｃ．横浜,2,1,1,3,2019.5.4 13:00 Kick Off,晴,全面良芝,"1,513人",27℃,40.8%,42.2%,48.5%,37.4%,46.2%,46.7%,12.35,10.49,1.12,0.74,9.47,3.89,81.15,15.74,0.24,1.607,16,(12.5%),7,0,403,(65.5%),18,(11.1%),11,5,11,29,(82.8%),14,(35.7%),15,(73.3%),21,2,2,1,0,33,11,139,11.5%,43.9%
第9節,いわてグルージャ盛岡,セレッソ大阪Ｕ−２３,1,3,1,0,2019.5.19 13:00 Kick Off,晴,全面良芝,"1,382人",24.8℃,59.0%,55.2%,45.6%,47.6%,60.2%,58.3%,15.03,11.07,2.65,1.32,3.26,2.87,84.15,15.10,0.46,1.022,11,(9.1%),1,0,512,(74.6%),16,(31.3%),14,4,7,22,(90.9%),8,(75.0%),33,(69.7%),38,1,0,1,0,33,8,137,8.0%,55.2%
第10節,ＳＣ相模原,いわてグルージャ盛岡,1,0,0,0,2019.6.1 17:00 Kick Off,晴,全面良芝,"2,230人",21.2℃,34.4%,46.2%,57.6%,38.0%,46.0%,50.6%,8.32,7.12,1.12,0.08,2.22,0.00,73.00,20.34,0.21,0.793,4,(0.0%),0,0,342,(61.1%),7,(28.6%),17,6,4,22,(77.3%),3,(33.3%),15,(46.7%),35,4,2,2,0,18,5,135,3.0%,45.6%
第11節,いわてグルージャ盛岡,アスルクラロ沼津,1,0,1,3,2019.6.9 13:00 Kick Off,晴,全面良芝,"1,855人",27.2℃,50.8%,52.9%,45.6%,41.9%,35.4%,44.7%,12.92,9.28,1.42,2.22,13.99,3.47,95.74,29.13,0.28,2.064,18,(5.6%),8,0,356,(61.8%),15,(20.0%),9,1,8,27,(63.0%),10,(80.0%),23,(65.2%),54,1,1,0,0,32,15,147,12.2%,45.2%
第12節,ヴァンラーレ八戸,いわてグルージャ盛岡,4,1,0,0,2019.6.16 13:00 Kick Off,雨,全面良芝,907人,15.9℃,50.6%,52.2%,57.1%,62.7%,66.5%,71.3%,9.58,8.72,0.45,0.41,1.13,3.85,71.41,14.22,0.13,0.557,7,(14.3%),1,0,457,(72.9%),8,(12.5%),11,1,3,38,(86.8%),9,(33.3%),20,(55.0%),34,1,2,1,0,31,6,141,5.0%,60.9%
第14節,いわてグルージャ盛岡,ギラヴァンツ北九州,2,3,1,0,2019.6.29 15:00 Kick Off,雨,良芝,786人,17.4℃,37.5%,42.1%,40.0%,33.6%,45.3%,47.0%,6.99,5.14,1.41,0.43,4.87,5.05,96.58,24.62,0.02,1.17,10,(20.0%),3,0,329,(59.0%),13,(23.1%),7,4,3,28,(75.0%),13,(30.8%),14,(78.6%),46,2,0,2,0,19,5,141,7.1%,40.9%
第15節,ガンバ大阪Ｕ−２３,いわてグルージャ盛岡,1,2,0,3,2019.7.7 17:00 Kick Off,晴,全面良芝,700人,29.2℃,40.1%,47.4%,39.6%,31.8%,37.1%,24.9%,11.47,7.91,2.46,1.10,7.97,5.47,92.11,17.06,0.19,2.327,16,(12.5%),5,0,327,(67.9%),16,(31.3%),13,4,6,25,(80.0%),12,(41.7%),25,(68.0%),30,4,0,0,0,26,12,125,12.8%,36.2%
第16節,いわてグルージャ盛岡,藤枝ＭＹＦＣ,0,3,1,0,2019.7.13 15:00 Kick Off,晴,全面良芝,"1,127人",26.3℃,49.8%,54.1%,54.8%,52.1%,47.8%,48.6%,11.63,9.73,1.04,0.86,1.32,0.00,64.02,14.39,0.65,0.483,5,(0.0%),0,0,446,(75.6%),16,(12.5%),9,8,5,23,(78.3%),13,(30.8%),17,(70.6%),22,4,0,3,1,28,2,119,4.2%,51.1%
第17節,いわてグルージャ盛岡,ザスパクサツ群馬,2,2,1,1,2019.7.20 15:00 Kick Off,晴,全面良芝,"1,308人",36.2℃,49.1%,50.9%,42.1%,44.6%,40.6%,34.1%,10.48,7.78,0.51,2.19,8.22,4.22,92.02,23.89,0.25,1.515,12,(16.7%),5,0,324,(61.1%),10,(10.0%),5,2,5,17,(58.8%),13,(61.5%),27,(55.6%),45,1,2,2,0,29,7,126,9.5%,43.1%
第18節,ブラウブリッツ秋田,いわてグルージャ盛岡,3,1,0,0,2019.7.27 18:00 Kick Off,晴,全面良芝,"1,289人",29.4℃,50.5%,45.0%,48.5%,37.0%,37.8%,56.4%,10.61,9.09,0.45,1.06,5.94,4.15,89.89,14.41,0.10,0.686,12,(8.3%),3,0,364,(68.4%),12,(8.3%),7,5,4,25,(60.0%),18,(33.3%),16,(62.5%),25,1,0,2,0,41,7,127,9.4%,46.7%
第19節,いわてグルージャ盛岡,ＳＣ相模原,3,4,1,0,2019.8.4 15:00 Kick Off,晴,全面良芝,"1,511人",31.6℃,36.1%,54.1%,60.8%,53.0%,62.1%,68.0%,17.46,13.80,2.66,1.00,10.54,8.17,60.89,8.47,0.05,2.228,13,(23.1%),6,1,530,(82.6%),20,(25.0%),20,4,4,22,(86.4%),8,(62.5%),20,(75.0%),10,0,0,1,0,49,17,109,11.9%,55.1%
第20節,アスルクラロ沼津,いわてグルージャ盛岡,1,0,0,0,2019.8.11 15:00 Kick Off,晴,全面良芝,"1,585人",33.1℃,43.2%,53.8%,55.3%,47.9%,58.3%,48.3%,11.01,8.42,2.11,0.48,3.22,0.00,72.84,16.60,0.79,1.485,10,(0.0%),1,0,362,(66.3%),14,(28.6%),14,5,4,35,(77.1%),15,(33.3%),25,(72.0%),19,0,0,0,1,37,10,124,8.1%,50.8%
第13節,いわてグルージャ盛岡,福島ユナイテッドＦＣ,2,0,1,3,2019.8.18 15:00 Kick Off,晴,全面良芝,"1,508人",34.8℃,41.5%,45.2%,46.5%,32.7%,28.4%,23.5%,13.33,7.97,3.10,2.26,12.20,6.23,89.33,13.01,0.06,1.833,15,(13.3%),9,0,289,(73.7%),20,(30.0%),6,6,7,16,(81.3%),16,(62.5%),23,(60.9%),32,1,2,0,0,33,18,111,13.5%,36.3%
第21節,いわてグルージャ盛岡,ＦＣ東京Ｕ−２３,1,1,1,1,2019.8.31 15:00 Kick Off,晴,全面良芝,"3,212人",33.7℃,34.9%,49.6%,69.1%,44.5%,48.1%,54.8%,21.05,14.90,5.03,1.12,8.66,2.51,114.53,12.25,0.30,1.628,14,(7.1%),6,0,412,(72.3%),25,(40.0%),13,1,6,29,(86.2%),17,(29.4%),17,(64.7%),17,3,1,1,0,43,21,134,10.4%,52.1%
第22節,藤枝ＭＹＦＣ,いわてグルージャ盛岡,2,1,0,0,2019.9.7 17:00 Kick Off,雨,全面良芝,"1,395人",28.9℃,49.5%,52.1%,65.3%,56.3%,55.2%,49.3%,10.23,8.54,1.48,0.21,5.54,0.30,78.29,12.58,0.19,1.619,11,(9.1%),3,1,477,(78.6%),13,(23.1%),9,4,5,28,(85.7%),6,(16.7%),12,(58.3%),21,1,3,0,0,27,5,121,9.1%,55%
第23節,カターレ富山,いわてグルージャ盛岡,5,0,0,0,2019.9.15 14:00 Kick Off,晴,全面良芝,"2,455人",31.1℃,42.8%,44.0%,52.0%,47.9%,52.8%,54.1%,13.66,9.06,3.48,1.12,3.37,0.00,65.59,16.86,0.53,0.987,10,(0.0%),2,0,390,(77.9%),12,(58.3%),5,5,2,20,(85.0%),7,(42.9%),17,(76.5%),28,1,0,2,0,27,11,113,8.8%,49.3%
第24節,福島ユナイテッドＦＣ,いわてグルージャ盛岡,2,1,0,0,2019.9.29 13:00 Kick Off,曇のち晴,全面良芝,491人,25.9℃,42.7%,41.6%,45.6%,36.4%,44.4%,47.8%,7.66,5.63,1.06,0.97,4.58,0.00,116.80,15.15,0.58,0.606,9,(0.0%),2,0,285,(61.4%),15,(13.3%),13,3,2,21,(71.4%),12,(41.7%),27,(70.4%),27,4,0,0,0,23,6,134,6.7%,43.2%
第25節,いわてグルージャ盛岡,ヴァンラーレ八戸,0,2,1,0,2019.10.5 12:00 Kick Off,曇,全面良芝,"1,517人",21.6℃,50.0%,71.3%,62.6%,31.0%,54.5%,54.7%,12.76,10.30,1.64,0.83,2.61,0.00,64.88,19.65,0.66,0.536,6,(0.0%),2,0,499,(77.0%),14,(21.4%),8,4,2,22,(100.0%),12,(33.3%),19,(68.4%),32,1,2,2,1,32,9,120,5.0%,54.9%
第26節,ギラヴァンツ北九州,いわてグルージャ盛岡,2,1,0,0,2019.10.13 14:00 Kick Off,晴,全面良芝,"4,676人",22.2℃,56.2%,39.7%,39.0%,34.4%,28.1%,35.9%,10.14,8.94,0.99,0.21,2.84,2.72,58.68,17.14,0.96,0.922,6,(16.7%),2,0,366,(72.4%),16,(12.5%),13,1,2,14,(100.0%),5,(20.0%),15,(60.0%),29,2,1,1,0,35,5,109,5.5%,39.3%
第27節,Ｙ．Ｓ．Ｃ．Ｃ．横浜,いわてグルージャ盛岡,3,0,0,0,2019.10.20 13:00 Kick Off,曇一時晴,全面良芝,960人,24.7℃,40.5%,25.9%,32.2%,49.0%,46.8%,43.5%,11.00,8.19,2.07,0.75,4.81,0.00,58.64,19.29,1.01,1.436,13,(0.0%),2,0,397,(73.0%),12,(33.3%),11,2,4,14,(71.4%),7,(71.4%),22,(59.1%),23,2,5,0,0,29,8,122,10.7%,39.1%
第28節,いわてグルージャ盛岡,ガイナーレ鳥取,1,2,1,0,2019.10.27 13:00 Kick Off,雨時々曇,良芝,"1,318人",17.9℃,55.3%,37.7%,56.4%,59.9%,59.7%,55.8%,14.82,12.90,1.57,0.34,3.65,0.30,69.29,13.32,0.29,1.777,9,(11.1%),2,1,505,(79.0%),15,(20.0%),9,1,6,29,(72.4%),10,(40.0%),15,(80.0%),20,1,2,0,0,33,10,114,7.9%,54.5%
第29節,セレッソ大阪Ｕ−２３,いわてグルージャ盛岡,2,1,0,0,2019.11.3 14:00 Kick Off,曇一時雨,全面良芝,934人,20.7℃,50.2%,31.8%,46.8%,40.7%,32.6%,49.6%,10.58,9.46,0.56,0.56,2.25,3.22,82.41,17.08,0.56,0.83,7,(14.3%),2,0,376,(71.8%),9,(11.1%),10,1,4,25,(84.0%),8,(50.0%),23,(60.9%),20,0,2,1,0,21,4,127,5.5%,42.5%
第30節,いわてグルージャ盛岡,ガンバ大阪Ｕ−２３,3,3,1,1,2019.11.9 13:00 Kick Off,曇,全面良芝,"1,139人",10.9℃,40.9%,66.3%,57.9%,48.0%,66.9%,39.8%,20.18,15.04,2.70,2.43,9.72,7.34,105.29,13.32,0.27,4.369,24,(12.5%),7,1,541,(78.4%),23,(21.7%),10,5,8,21,(100.0%),24,(58.3%),28,(60.7%),21,6,0,3,0,50,24,140,17.1%,53.2%
第31節,ロアッソ熊本,いわてグルージャ盛岡,2,0,0,0,2019.11.17 19:00 Kick Off,曇,全面良芝,"3,720人",15.4℃,48.1%,50.7%,29.5%,41.4%,61.6%,52.6%,14.87,13.37,1.07,0.43,4.57,0.00,88.95,11.70,0.26,0.974,10,(0.0%),2,0,445,(75.1%),15,(13.3%),11,2,5,26,(88.5%),8,(37.5%),26,(69.2%),26,5,0,0,0,34,12,129,7.8%,47%
第32節,いわてグルージャ盛岡,ＡＣ長野パルセイロ,1,2,1,0,2019.11.24 14:00 Kick Off,雨,全面良芝,516人,13℃,54.4%,59.0%,46.4%,55.2%,46.8%,54.5%,12.30,10.18,1.45,0.67,6.04,3.91,73.43,19.01,1.62,0.987,14,(7.1%),3,0,374,(65.8%),20,(15.0%),10,0,6,29,(62.1%),16,(31.3%),25,(60.0%),41,1,1,1,0,38,14,140,10.0%,52.7%
第33節,ザスパクサツ群馬,いわてグルージャ盛岡,1,0,0,0,2019.12.1 14:00 Kick Off,晴,全面良芝,"5,881人",12.1℃,36.5%,53.5%,48.3%,57.4%,51.9%,40.6%,10.77,10.17,0.00,0.60,5.06,0.00,77.46,26.26,0.80,0.725,6,(0.0%),2,0,433,(68.6%),9,(0.0%),14,1,4,23,(82.6%),7,(28.6%),31,(45.2%),38,0,3,0,0,29,5,134,4.5%,47.5%
第34節,いわてグルージャ盛岡,カマタマーレ讃岐,1,1,1,1,2019.12.8 13:00 Kick Off,晴,良芝,"1,038人",3.5℃,50.3%,43.8%,42.7%,41.4%,46.0%,27.6%,9.89,6.13,1.49,2.27,8.33,2.72,81.45,19.82,0.46,1.163,12,(8.3%),5,0,327,(72.2%),12,(25.0%),13,2,4,19,(73.7%),16,(62.5%),14,(64.3%),27,2,4,1,0,23,9,119,10.1%,40.8%
第1節,いわてグルージャ盛岡,ブラウブリッツ秋田,0,4,1,0,2020.6.27 15:00 Kick Off,曇,全面良芝,0人,25.1℃,51.7%,53.4%,61.4%,56.5%,55.0%,56.0%,9.72,8.99,0.48,0.25,2.32,0.00,62.06,14.64,0.36,0.274,3,(0.0%),1,0,414,(69.6%),10,(10.0%),12,6,4,36,(80.6%),11,(27.3%),15,(46.7%),27,0,0,4,0,27,9,138,2.2%,56.2%
第2節,ヴァンラーレ八戸,いわてグルージャ盛岡,2,0,0,0,2020.7.5 13:00 Kick Off,曇,全面良芝,0人,21.4℃,47.1%,57.9%,65.3%,60.0%,55.4%,60.6%,23.54,18.96,3.05,1.53,6.98,0.00,81.30,6.35,0.16,2.746,20,(0.0%),4,0,527,(75.3%),25,(24.0%),10,3,12,44,(75.0%),13,(38.5%),20,(65.0%),11,0,1,0,0,55,29,142,14.1%,58.2%
第3節,福島ユナイテッドＦＣ,いわてグルージャ盛岡,1,1,0,1,2020.7.11 15:00 Kick Off,曇のち雨,全面良芝,407人,27.3℃,29.9%,26.8%,22.6%,36.2%,36.7%,45.6%,6.90,5.42,1.02,0.46,2.26,3.48,72.33,13.65,0.58,0.615,5,(20.0%),1,0,250,(60.8%),6,(33.3%),13,3,5,17,(76.5%),8,(25.0%),17,(29.4%),17,4,1,1,0,23,3,109,4.6%,33.8%
第4節,いわてグルージャ盛岡,藤枝ＭＹＦＣ,1,3,1,0,2020.7.15 15:00 Kick Off,曇,全面良芝,101人,21.7℃,46.3%,45.7%,49.0%,37.8%,48.3%,50.8%,7.28,6.08,0.00,1.20,6.90,0.30,78.20,22.65,0.95,1.476,9,(11.1%),3,1,334,(53.6%),10,(0.0%),11,3,5,25,(60.0%),9,(44.4%),10,(30.0%),30,1,3,1,0,18,6,133,6.8%,46.4%
第5節,いわてグルージャ盛岡,カターレ富山,1,4,1,0,2020.7.19 15:00 Kick Off,晴,全面良芝,292人,25.6℃,42.0%,36.5%,32.6%,55.7%,63.8%,70.1%,15.70,12.04,3.11,0.55,9.67,1.32,40.49,19.94,0.67,1.345,12,(8.3%),5,0,428,(81.3%),12,(50.0%),8,5,4,20,(80.0%),6,(50.0%),19,(47.4%),29,0,3,3,0,25,19,107,11.2%,50.8%
第6節,ＳＣ相模原,いわてグルージャ盛岡,0,1,0,3,2020.7.25 17:00 Kick Off,曇,全面良芝,657人,24.8℃,65.7%,43.6%,53.0%,35.3%,47.7%,31.3%,9.92,7.47,0.97,1.47,6.61,3.19,84.35,12.99,3.02,1.332,13,(7.7%),4,0,378,(76.2%),11,(18.2%),5,3,7,19,(73.7%),12,(58.3%),21,(71.4%),24,1,0,2,0,31,8,109,11.9%,45.5%
第7節,アスルクラロ沼津,いわてグルージャ盛岡,1,2,0,3,2020.7.29 16:00 Kick Off,曇,良芝,418人,23.8℃,38.1%,21.7%,39.1%,33.9%,32.5%,26.7%,6.93,6.44,0.00,0.49,4.62,7.23,74.75,14.93,0.30,0.413,5,(40.0%),3,0,295,(62.7%),3,(0.0%),12,6,1,16,(56.3%),2,(50.0%),23,(82.6%),35,0,0,2,0,13,3,105,4.8%,32.3%
第8節,いわてグルージャ盛岡,セレッソ大阪Ｕ−２３,3,1,1,3,2020.8.2 15:00 Kick Off,晴,全面良芝,294人,28.5℃,51.1%,73.0%,51.8%,42.9%,48.5%,50.1%,14.27,12.65,0.86,0.77,7.28,10.47,97.41,11.96,0.27,0.819,10,(30.0%),5,0,487,(78.2%),11,(18.2%),11,1,0,18,(77.8%),6,(50.0%),23,(73.9%),19,0,2,1,0,40,15,112,8.9%,52.1%
第9節,ＦＣ岐阜,いわてグルージャ盛岡,1,1,0,1,2020.8.8 18:00 Kick Off,曇,全面良芝,"2,421人",28.9℃,52.6%,46.1%,51.6%,40.5%,54.2%,58.5%,23.67,19.44,1.87,2.36,4.97,1.32,55.94,15.15,0.19,1.643,14,(7.1%),3,0,538,(80.7%),15,(26.7%),6,2,5,15,(73.3%),10,(60.0%),12,(58.3%),18,2,1,0,0,51,16,106,13.2%,50.9%
第10節,いわてグルージャ盛岡,ＡＣ長野パルセイロ,1,4,1,0,2020.8.16 15:00 Kick Off,晴,全面良芝,516人,29.6℃,42.5%,50.1%,47.7%,62.1%,52.4%,58.6%,14.15,11.01,1.70,1.44,5.53,1.32,102.68,13.60,0.03,0.848,9,(11.1%),4,0,501,(75.6%),11,(27.3%),19,1,4,25,(64.0%),12,(50.0%),17,(76.5%),12,1,0,0,0,27,10,135,6.7%,52.9%
第11節,ロアッソ熊本,いわてグルージャ盛岡,3,1,0,0,2020.8.22 19:00 Kick Off,晴,全面良芝,"1,559人",27.3℃,39.4%,28.7%,28.7%,36.0%,36.1%,43.9%,7.84,5.77,1.60,0.47,2.47,3.98,84.95,14.74,0.10,0.531,7,(14.3%),2,0,309,(60.8%),8,(37.5%),10,6,2,27,(59.3%),10,(30.0%),25,(56.0%),26,2,0,2,1,15,6,127,5.5%,35.5%
第12節,いわてグルージャ盛岡,ＦＣ今治,0,1,1,0,2020.8.29 15:00 Kick Off,晴,全面良芝,607人,31.6℃,31.0%,41.2%,46.2%,41.5%,59.0%,55.1%,11.96,9.46,1.02,1.47,1.10,0.00,51.98,10.77,0.53,0.649,9,(0.0%),0,0,414,(74.9%),13,(15.4%),10,8,2,19,(84.2%),10,(90.0%),14,(42.9%),14,0,1,2,0,32,5,111,8.1%,45.2%
第13節,鹿児島ユナイテッドＦＣ,いわてグルージャ盛岡,1,0,0,0,2020.9.3 17:00 Kick Off,晴,全面良芝,714人,29.3℃,39.3%,39.6%,46.7%,36.9%,37.4%,45.0%,12.34,10.08,2.13,0.13,9.70,0.00,80.38,15.06,0.34,0.86,13,(0.0%),2,0,376,(70.2%),9,(44.4%),10,4,6,23,(87.0%),4,(25.0%),25,(76.0%),29,1,1,2,0,23,11,123,10.6%,41.2%
第14節,いわてグルージャ盛岡,ガイナーレ鳥取,2,0,1,3,2020.9.6 15:00 Kick Off,曇,全面良芝,372人,28.2℃,45.6%,46.8%,47.8%,34.8%,52.3%,48.4%,14.62,11.77,2.07,0.79,4.57,4.52,95.93,15.77,0.45,0.825,6,(33.3%),2,0,481,(75.9%),11,(36.4%),10,3,7,18,(94.4%),9,(44.4%),18,(61.1%),18,1,1,2,0,34,10,122,4.9%,46.2%
第15節,いわてグルージャ盛岡,Ｙ．Ｓ．Ｃ．Ｃ．横浜,1,3,1,0,2020.9.12 13:00 Kick Off,晴,良芝,565人,23.2℃,49.1%,39.9%,40.8%,37.9%,47.5%,48.9%,12.08,10.96,0.00,1.13,6.81,1.32,89.48,14.48,0.03,2.211,11,(9.1%),5,0,384,(71.9%),8,(0.0%),14,5,7,21,(85.7%),15,(33.3%),21,(61.9%),22,1,0,0,0,31,7,134,8.2%,43.9%
第16節,カマタマーレ讃岐,いわてグルージャ盛岡,0,0,0,1,2020.9.19 13:30 Kick Off,晴,良芝,754人,28.3℃,46.2%,42.4%,48.0%,43.0%,40.1%,42.1%,14.50,11.68,0.54,2.29,8.31,0.00,72.68,17.45,0.16,0.829,13,(0.0%),5,0,423,(73.3%),5,(20.0%),8,2,5,16,(56.3%),13,(46.2%),20,(70.0%),21,3,0,1,0,34,13,109,11.9%,43.8%
第17節,いわてグルージャ盛岡,ガンバ大阪Ｕ−２３,1,0,1,3,2020.9.22 13:00 Kick Off,晴,良芝,669人,25.6℃,41.2%,30.9%,41.1%,27.4%,32.9%,38.6%,11.95,9.69,1.59,0.67,4.73,3.19,102.05,10.89,0.35,1.147,12,(8.3%),3,0,298,(64.8%),15,(20.0%),12,3,8,22,(81.8%),8,(37.5%),26,(65.4%),24,3,3,3,0,31,14,127,9.4%,35.8%
第18節,藤枝ＭＹＦＣ,いわてグルージャ盛岡,0,0,0,1,2020.9.27 15:00 Kick Off,曇,全面良芝,747人,24.9℃,40.6%,51.5%,44.1%,63.2%,38.4%,53.1%,9.83,8.49,0.48,0.86,4.51,0.00,74.66,18.74,0.72,0.931,8,(0.0%),3,0,385,(68.8%),7,(14.3%),10,5,6,20,(50.0%),9,(33.3%),14,(64.3%),29,2,0,0,0,22,5,117,6.8%,48%
第19節,ブラウブリッツ秋田,いわてグルージャ盛岡,2,1,0,0,2020.10.3 15:00 Kick Off,曇時々雨一時雷,全面良芝,977人,23.1℃,46.8%,55.6%,55.7%,67.6%,48.9%,59.5%,12.86,12.78,0.00,0.08,4.94,2.56,59.93,9.10,0.17,0.615,8,(12.5%),1,0,479,(70.1%),12,(0.0%),8,2,5,43,(65.1%),8,(25.0%),12,(91.7%),19,0,2,1,0,34,8,126,6.3%,57%
第20節,いわてグルージャ盛岡,カマタマーレ讃岐,1,1,1,1,2020.10.7 13:00 Kick Off,晴,良芝,279人,18.7℃,40.6%,46.0%,45.4%,40.9%,53.0%,48.5%,11.47,9.38,1.41,0.67,2.32,0.30,88.72,19.44,0.30,1.262,9,(11.1%),1,1,398,(72.4%),8,(50.0%),7,1,2,19,(47.4%),13,(30.8%),19,(63.2%),24,0,4,2,0,33,8,124,7.3%,45.6%
第21節,いわてグルージャ盛岡,アスルクラロ沼津,1,0,1,3,2020.10.11 13:00 Kick Off,曇,全面良芝,634人,22.9℃,43.1%,32.6%,31.4%,36.2%,29.9%,23.8%,10.70,8.31,2.05,0.34,4.82,2.85,91.34,16.72,0.00,0.637,7,(14.3%),3,0,302,(71.9%),6,(66.7%),10,3,3,17,(82.4%),7,(14.3%),25,(80.0%),23,1,3,1,0,16,11,112,6.3%,32.9%
第22節,カターレ富山,いわてグルージャ盛岡,0,1,0,3,2020.10.18 17:00 Kick Off,晴,全面良芝,"2,592人",15.3℃,45.2%,28.2%,39.0%,44.0%,30.9%,25.3%,7.64,5.87,1.54,0.22,4.67,0.30,83.89,17.68,0.46,2.021,9,(11.1%),2,1,264,(65.9%),8,(37.5%),11,0,2,24,(62.5%),7,(28.6%),20,(55.0%),40,2,0,2,0,19,7,113,8.0%,35.2%
第23節,いわてグルージャ盛岡,ＦＣ岐阜,0,4,1,0,2020.10.25 13:00 Kick Off,雨のち曇,全面良芝,402人,17.2℃,33.0%,50.4%,48.0%,55.8%,55.7%,57.3%,14.98,10.86,3.00,1.12,9.74,0.00,63.83,14.08,0.75,1.076,17,(0.0%),3,0,444,(75.9%),16,(37.5%),11,2,7,31,(74.2%),10,(40.0%),21,(66.7%),20,1,2,0,0,36,11,129,13.2%,50.4%
第24節,Ｙ．Ｓ．Ｃ．Ｃ．横浜,いわてグルージャ盛岡,2,2,0,1,2020.10.31 13:00 Kick Off,晴,全面良芝,589人,19.3℃,34.9%,46.8%,49.4%,38.9%,28.1%,33.9%,15.29,10.81,3.66,0.83,10.37,6.05,56.82,14.82,0.55,2.355,18,(11.1%),6,0,365,(72.6%),14,(50.0%),8,2,5,19,(84.2%),6,(50.0%),13,(69.2%),21,2,1,2,0,40,13,103,17.5%,38.6%
第25節,いわてグルージャ盛岡,福島ユナイテッドＦＣ,2,1,1,3,2020.11.3 14:00 Kick Off,晴,全面良芝,402人,16.3℃,34.7%,37.2%,45.0%,42.8%,39.6%,28.1%,9.43,7.34,1.55,0.54,2.08,3.88,89.80,21.07,1.01,1.764,9,(22.2%),2,0,339,(71.7%),8,(37.5%),9,2,3,18,(83.3%),4,(50.0%),24,(58.3%),28,4,2,3,0,14,5,115,7.8%,37.4%
第26節,いわてグルージャ盛岡,ヴァンラーレ八戸,1,1,1,1,2020.11.8 13:00 Kick Off,晴,全面良芝,725人,13.1℃,57.5%,40.0%,41.6%,33.7%,44.3%,41.5%,12.83,10.47,1.63,0.72,5.34,2.56,103.10,18.98,0.98,1.508,12,(8.3%),1,0,475,(75.6%),11,(27.3%),9,0,3,19,(73.7%),11,(27.3%),22,(59.1%),25,3,2,0,0,26,9,125,9.6%,43.3%
第27節,ガイナーレ鳥取,いわてグルージャ盛岡,1,0,0,0,2020.11.14 13:00 Kick Off,晴,良芝,812人,19.3℃,40.5%,36.4%,47.9%,60.7%,51.9%,73.8%,18.99,15.13,2.53,1.34,8.48,0.00,73.84,12.67,0.22,0.977,13,(0.0%),3,0,539,(76.3%),20,(25.0%),8,1,8,34,(82.4%),14,(35.7%),13,(53.8%),20,1,1,0,0,49,13,131,9.9%,54.3%
第28節,いわてグルージャ盛岡,ＳＣ相模原,1,1,1,1,2020.11.18 13:00 Kick Off,曇,良芝,384人,12.7℃,40.2%,56.3%,46.5%,57.2%,45.4%,48.9%,11.99,9.85,0.99,1.15,9.00,2.56,89.53,18.24,1.50,1.526,16,(6.3%),5,0,366,(61.5%),16,(12.5%),9,2,7,25,(84.0%),18,(33.3%),19,(78.9%),40,0,2,0,0,36,10,142,11.3%,48.6%
第29節,ガンバ大阪Ｕ−２３,いわてグルージャ盛岡,0,1,0,3,2020.11.22 14:00 Kick Off,曇,全面良芝,485人,18.6℃,32.0%,29.1%,38.0%,30.2%,44.0%,24.9%,7.21,5.64,0.00,1.57,6.26,6.01,86.47,20.59,0.43,0.301,9,(11.1%),4,0,309,(68.0%),8,(0.0%),5,3,2,6,(83.3%),9,(55.6%),22,(77.3%),24,1,0,0,0,22,1,119,7.6%,32.6%
第30節,いわてグルージャ盛岡,鹿児島ユナイテッドＦＣ,0,1,1,0,2020.11.29 13:00 Kick Off,曇,全面良芝,918人,7.7℃,43.8%,50.9%,54.4%,39.3%,51.2%,56.7%,15.37,12.11,1.93,1.33,4.63,0.00,65.17,17.27,0.30,1.56,18,(0.0%),2,0,454,(77.1%),16,(25.0%),10,4,4,23,(82.6%),14,(50.0%),15,(53.3%),15,1,6,3,0,37,14,113,15.9%,50.4%
第31節,いわてグルージャ盛岡,ロアッソ熊本,2,2,1,1,2020.12.5 13:00 Kick Off,曇,良芝,"1,024人",2.6℃,29.3%,27.7%,32.0%,40.0%,34.0%,50.3%,9.22,7.81,0.48,0.92,8.00,3.78,87.41,15.79,0.49,2.323,16,(12.5%),4,1,310,(65.5%),11,(9.1%),5,5,6,17,(58.8%),11,(36.4%),13,(61.5%),36,2,1,2,0,26,10,127,12.6%,35.3%
第32節,ＦＣ今治,いわてグルージャ盛岡,2,0,0,0,2020.12.9 13:00 Kick Off,晴時々曇,全面良芝,"1,057人",15.3℃,41.7%,52.5%,40.2%,59.6%,61.7%,59.9%,14.36,11.13,1.39,1.83,2.45,0.00,68.16,9.93,0.09,0.796,12,(0.0%),2,0,470,(76.0%),20,(15.0%),8,3,9,26,(100.0%),15,(53.3%),8,(62.5%),11,2,2,2,0,41,11,113,10.6%,52.2%
第33節,セレッソ大阪Ｕ−２３,いわてグルージャ盛岡,0,5,0,3,2020.12.13 14:00 Kick Off,曇,全面良芝,526人,12.7℃,48.4%,38.9%,41.6%,50.3%,40.0%,43.0%,16.69,12.20,1.59,2.91,11.94,5.71,104.14,10.99,0.00,3.101,19,(15.8%),8,1,431,(75.4%),13,(23.1%),9,1,8,11,(81.8%),19,(47.4%),15,(53.3%),19,1,4,0,0,41,20,120,15.8%,43.7%
第34節,ＡＣ長野パルセイロ,いわてグルージャ盛岡,0,2,0,3,2020.12.20 13:00 Kick Off,晴,全面良芝,"6,297人",1.4℃,44.4%,45.5%,36.2%,42.2%,26.5%,33.7%,5.65,5.07,0.45,0.12,3.62,5.13,108.51,28.38,0.66,0.833,5,(40.0%),3,0,344,(59.9%),9,(11.1%),6,2,3,20,(65.0%),8,(12.5%),20,(65.0%),52,3,2,2,0,10,2,138,3.6%,38.6%
第1節,テゲバジャーロ宮崎,いわてグルージャ盛岡,0,1,0,3,2021.3.14 13:00 Kick Off,晴,全面良芝,"1,786人",17.6℃,39.6%,27.3%,44.5%,43.6%,41.0%,39.2%,14.64,11.18,0.48,2.99,12.19,2.85,92.40,12.20,0.08,1.999,19,(5.3%),4,0,304,(57.2%),17,(5.9%),14,0,7,36,(83.3%),11,(63.6%),34,(64.7%),21,1,3,2,0,33,10,134,14.2%,38.8%
第2節,ガイナーレ鳥取,いわてグルージャ盛岡,1,1,0,1,2021.3.21 13:00 Kick Off,雨,良芝,"1,253人",11.6℃,58.8%,54.3%,50.9%,41.2%,33.0%,17.4%,12.70,9.45,1.56,1.69,2.21,4.08,68.22,15.75,0.71,1.456,9,(11.1%),1,0,333,(63.1%),10,(30.0%),8,1,2,37,(75.7%),12,(50.0%),22,(50.0%),33,2,1,5,1,26,12,123,7.3%,39.7%
第3節,いわてグルージャ盛岡,ＡＣ長野パルセイロ,0,0,1,1,2021.3.28 13:00 Kick Off,曇のち雨,全面良芝,"1,058人",11.1℃,42.8%,31.2%,47.0%,48.7%,52.2%,61.6%,10.14,6.93,2.02,1.19,0.00,0.00,78.08,14.57,0.40,0.766,8,(0.0%),0,0,343,(55.7%),22,(18.2%),12,0,9,32,(62.5%),12,(50.0%),14,(50.0%),34,1,1,1,0,25,8,141,5.7%,48%
第4節,いわてグルージャ盛岡,ＦＣ今治,3,2,1,3,2021.4.3 13:00 Kick Off,曇,全面良芝,610人,18.8℃,57.4%,44.3%,40.8%,59.9%,47.5%,51.1%,11.63,8.12,2.05,1.45,9.50,9.39,79.52,10.79,0.02,1.192,14,(21.4%),6,0,320,(58.1%),22,(18.2%),12,2,5,45,(88.9%),16,(31.3%),16,(56.3%),28,1,4,1,0,23,12,148,9.5%,49.4%
第5節,ヴァンラーレ八戸,いわてグルージャ盛岡,0,3,0,3,2021.4.11 13:00 Kick Off,晴,全面良芝,"1,502人",13.4℃,44.0%,58.9%,49.6%,54.4%,58.4%,47.6%,14.62,11.69,1.53,1.41,5.96,8.03,102.35,12.33,0.20,1.88,15,(20.0%),4,0,378,(64.8%),18,(16.7%),12,2,7,39,(79.5%),15,(46.7%),26,(53.8%),16,5,1,1,0,36,18,151,9.9%,51.1%
第7節,いわてグルージャ盛岡,鹿児島ユナイテッドＦＣ,2,1,1,3,2021.5.2 13:00 Kick Off,雨,全面良芝,824人,11.5℃,32.8%,34.7%,28.0%,35.0%,28.2%,35.6%,6.18,4.32,1.49,0.36,12.82,5.69,134.68,20.62,0.15,2.628,19,(10.5%),7,0,186,(44.6%),13,(23.1%),13,0,9,24,(91.7%),8,(37.5%),27,(63.0%),30,2,4,2,0,18,7,139,13.7%,32.6%
第8節,いわてグルージャ盛岡,ＦＣ岐阜,0,2,1,0,2021.5.16 13:00 Kick Off,曇,全面良芝,"1,007人",21.6℃,47.8%,50.9%,54.0%,66.0%,67.8%,65.6%,13.63,10.61,1.06,1.97,4.30,0.00,87.18,11.91,0.00,1.413,14,(0.0%),2,0,447,(65.3%),26,(7.7%),14,0,7,44,(77.3%),18,(61.1%),13,(53.8%),13,1,1,1,0,23,12,158,8.9%,58.8%
第6節,福島ユナイテッドＦＣ,いわてグルージャ盛岡,2,1,0,0,2021.5.26 13:00 Kick Off,曇,全面良芝,264人,20.8℃,46.0%,43.3%,45.6%,45.3%,52.0%,44.4%,12.93,10.89,1.00,1.03,9.23,3.01,106.54,13.97,0.28,1.145,15,(6.7%),3,0,370,(60.8%),12,(16.7%),11,0,7,35,(77.1%),9,(55.6%),24,(58.3%),14,1,4,1,0,31,12,152,9.9%,46%
第9節,カマタマーレ讃岐,いわてグルージャ盛岡,1,1,0,1,2021.5.30 14:00 Kick Off,晴,全面良芝,"1,358人",29.4℃,53.6%,57.4%,55.1%,54.9%,39.5%,50.2%,11.26,9.55,0.96,0.74,3.66,2.93,76.57,15.91,0.26,1.061,8,(12.5%),3,0,388,(67.8%),12,(16.7%),17,1,5,34,(70.6%),22,(22.7%),12,(75.0%),30,0,3,2,0,27,8,144,5.6%,52.3%
第10節,いわてグルージャ盛岡,藤枝ＭＹＦＣ,4,0,1,3,2021.6.6 17:00 Kick Off,晴,全面良芝,"1,785人",23.3℃,33.6%,33.5%,54.8%,41.6%,49.0%,48.2%,16.39,8.39,3.36,4.64,11.13,7.85,102.46,23.89,0.09,2.776,20,(20.0%),8,0,355,(63.4%),21,(33.3%),6,1,5,29,(62.1%),19,(84.2%),15,(60.0%),32,2,2,1,0,41,22,140,14.3%,43.5%
第12節,いわてグルージャ盛岡,アスルクラロ沼津,3,2,1,3,2021.6.19 17:00 Kick Off,雨,全面良芝,908人,20℃,44.1%,46.7%,40.7%,51.5%,50.4%,56.4%,15.36,12.59,2.13,0.64,12.34,11.55,95.61,11.28,0.04,1.781,22,(13.6%),7,0,403,(67.0%),13,(30.8%),14,2,3,20,(85.0%),9,(33.3%),17,(70.6%),23,0,2,0,0,44,17,129,17.1%,47.7%
第13節,いわてグルージャ盛岡,Ｙ．Ｓ．Ｃ．Ｃ．横浜,0,2,1,0,2021.6.26 17:00 Kick Off,晴,全面良芝,"1,403人",24.1℃,33.9%,42.3%,32.3%,40.2%,32.8%,53.7%,7.70,6.45,0.99,0.25,5.01,0.00,91.58,8.93,0.23,0.929,7,(0.0%),3,0,304,(56.9%),16,(12.5%),19,1,0,29,(65.5%),8,(25.0%),26,(61.5%),15,1,2,2,0,22,5,132,5.3%,40.4%
第14節,カターレ富山,いわてグルージャ盛岡,1,0,0,0,2021.7.3 18:00 Kick Off,曇,全面良芝,"2,795人",25.7℃,50.4%,21.4%,32.6%,46.9%,51.3%,50.9%,9.18,7.51,0.53,1.14,2.28,0.00,68.70,16.10,0.76,0.735,9,(0.0%),0,0,293,(59.4%),10,(10.0%),12,3,5,19,(68.4%),11,(54.5%),13,(46.2%),27,0,1,1,0,15,7,114,7.9%,42.2%
第15節,ロアッソ熊本,いわてグルージャ盛岡,1,1,0,1,2021.7.11 19:00 Kick Off,雨一時曇,全面良芝,"2,061人",25.8℃,41.0%,33.2%,56.2%,44.7%,41.1%,33.2%,10.92,8.76,1.08,1.08,11.32,3.35,96.16,12.90,0.08,1.778,14,(7.1%),6,1,385,(66.0%),13,(15.4%),3,2,7,29,(93.1%),8,(62.5%),18,(55.6%),17,3,2,2,1,29,6,129,10.9%,41.3%
第16節,いわてグルージャ盛岡,ヴァンラーレ八戸,3,2,1,3,2021.8.28 17:00 Kick Off,曇,全面良芝,"1,302人",22.2℃,50.8%,55.6%,54.6%,53.8%,62.6%,39.8%,11.33,9.00,1.99,0.34,6.07,6.07,109.12,13.62,0.35,2.179,13,(23.1%),4,1,453,(73.3%),13,(30.8%),12,1,4,21,(81.0%),12,(16.7%),28,(67.9%),24,0,1,2,0,25,14,131,9.9%,52.1%
第17節,ＡＣ長野パルセイロ,いわてグルージャ盛岡,0,1,0,3,2021.9.5 18:00 Kick Off,雨,全面良芝,"2,227人",22.5℃,33.1%,55.4%,43.9%,45.1%,47.4%,28.9%,7.58,4.42,2.13,1.03,5.06,2.60,90.76,17.53,0.20,0.619,11,(9.1%),1,0,295,(51.5%),10,(40.0%),17,1,3,31,(77.4%),7,(71.4%),16,(62.5%),32,4,1,1,0,11,5,130,8.5%,40.5%
第18節,鹿児島ユナイテッドＦＣ,いわてグルージャ盛岡,1,2,0,3,2021.9.11 19:00 Kick Off,雨のち曇,全面良芝,"2,285人",25℃,35.6%,49.2%,36.7%,31.2%,29.0%,29.4%,7.32,5.75,0.52,1.05,5.70,6.51,74.78,16.49,0.01,0.731,11,(18.2%),4,0,253,(64.0%),6,(16.7%),14,2,1,10,(90.0%),4,(50.0%),19,(42.1%),33,3,1,0,0,16,4,103,10.7%,35.1%
第19節,いわてグルージャ盛岡,テゲバジャーロ宮崎,0,1,1,0,2021.9.19 17:00 Kick Off,晴,全面良芝,"1,637人",21.8℃,38.2%,40.6%,32.7%,60.1%,53.3%,48.9%,15.54,11.29,3.00,1.24,5.42,0.00,93.74,8.25,0.72,0.927,13,(0.0%),4,0,458,(73.6%),27,(22.2%),7,1,7,30,(80.0%),17,(35.3%),18,(61.1%),12,2,2,3,0,46,16,120,10.8%,45%
第20節,ＦＣ今治,いわてグルージャ盛岡,0,1,0,3,2021.9.26 15:00 Kick Off,晴,全面良芝,"1,650人",26.9℃,43.4%,38.9%,36.7%,48.1%,39.6%,41.4%,9.93,7.15,2.15,0.64,4.80,1.30,89.59,15.33,0.17,1.397,10,(10.0%),4,0,303,(63.4%),18,(22.2%),13,2,6,17,(88.2%),11,(27.3%),19,(63.2%),29,1,3,0,0,34,9,115,8.7%,41.1%
第22節,いわてグルージャ盛岡,ガイナーレ鳥取,2,1,1,3,2021.10.9 17:00 Kick Off,晴,全面良芝,"2,003人",17.9℃,46.3%,34.3%,33.6%,50.6%,43.1%,55.9%,13.85,10.30,2.03,1.52,8.12,2.85,92.91,15.19,0.57,2.374,18,(5.6%),4,0,310,(63.9%),17,(23.5%),13,0,11,21,(81.0%),8,(75.0%),24,(54.2%),23,1,0,1,0,24,12,126,14.3%,44.2%
第23節,ＦＣ岐阜,いわてグルージャ盛岡,2,2,0,1,2021.10.17 16:00 Kick Off,晴,全面良芝,"3,151人",18.2℃,49.9%,52.9%,36.4%,46.9%,44.8%,43.1%,12.15,8.15,2.10,1.90,6.08,2.59,72.02,17.44,0.41,2.489,14,(7.1%),2,0,300,(63.0%),14,(28.6%),9,1,5,22,(90.9%),19,(47.4%),19,(52.6%),19,3,2,2,0,28,14,119,11.8%,44.8%
第24節,藤枝ＭＹＦＣ,いわてグルージャ盛岡,2,2,0,1,2021.10.23 13:00 Kick Off,晴,全面良芝,842人,20.3℃,46.7%,35.8%,37.5%,43.3%,38.3%,42.1%,12.86,9.78,2.10,0.98,9.11,6.07,106.06,17.17,0.98,2.914,19,(10.5%),7,0,317,(64.7%),10,(50.0%),10,0,6,14,(92.9%),7,(57.1%),27,(66.7%),17,2,2,1,0,30,14,128,14.8%,40.3%
第25節,いわてグルージャ盛岡,福島ユナイテッドＦＣ,2,1,1,3,2021.10.30 13:00 Kick Off,晴,全面良芝,"1,134人",16.7℃,43.4%,34.6%,45.9%,46.2%,50.6%,41.1%,7.30,5.46,0.00,1.84,5.08,7.33,77.78,17.88,0.39,1.06,10,(20.0%),4,0,296,(57.8%),10,(0.0%),12,2,5,22,(68.2%),12,(50.0%),22,(50.0%),28,1,1,2,0,20,9,129,7.8%,43.9%
第26節,いわてグルージャ盛岡,ロアッソ熊本,0,0,1,1,2021.11.7 13:00 Kick Off,晴,全面良芝,"1,609人",21.9℃,37.8%,45.1%,32.0%,32.8%,41.4%,39.3%,10.68,8.59,1.07,1.02,10.24,0.00,85.44,14.86,0.11,1.565,18,(0.0%),4,0,310,(65.5%),11,(18.2%),9,0,5,31,(77.4%),13,(30.8%),15,(26.7%),19,4,2,0,0,22,7,127,14.2%,38.5%
第27節,Ｙ．Ｓ．Ｃ．Ｃ．横浜,いわてグルージャ盛岡,1,3,0,3,2021.11.14 14:00 Kick Off,晴,全面良芝,"1,110人",21.3℃,43.5%,37.2%,28.2%,43.8%,36.1%,37.2%,8.09,7.07,0.52,0.50,7.87,6.88,135.90,14.30,0.25,2.154,15,(20.0%),6,0,270,(59.6%),11,(9.1%),17,0,3,17,(82.4%),11,(18.2%),36,(69.4%),21,5,0,3,0,25,13,136,11.0%,36.8%
第28節,いわてグルージャ盛岡,カマタマーレ讃岐,3,1,1,3,2021.11.21 13:00 Kick Off,晴のち曇,全面良芝,"1,783人",14.6℃,33.3%,40.9%,36.1%,38.7%,37.7%,37.6%,13.04,7.77,2.67,2.60,11.72,10.53,82.76,13.82,0.46,1.462,18,(16.7%),5,0,257,(64.2%),15,(33.3%),12,1,8,16,(75.0%),17,(47.1%),20,(65.0%),28,2,2,0,0,27,18,117,15.4%,37.5%
第29節,いわてグルージャ盛岡,カターレ富山,1,0,1,3,2021.11.28 13:00 Kick Off,晴,全面良芝,"2,453人",9.8℃,42.9%,54.5%,47.8%,54.4%,43.4%,58.7%,14.11,9.82,1.71,2.57,11.46,3.12,86.15,15.03,0.21,1.637,20,(5.0%),7,0,326,(63.2%),20,(15.0%),18,2,9,33,(75.8%),18,(55.6%),21,(52.4%),27,3,6,1,0,33,16,142,14.1%,50.2%
第30節,アスルクラロ沼津,いわてグルージャ盛岡,1,1,0,1,2021.12.5 14:00 Kick Off,曇,全面良芝,"2,743人",10.5℃,31.5%,36.2%,25.6%,32.4%,26.0%,39.1%,5.88,4.55,0.00,1.33,3.33,1.30,73.76,18.95,0.00,1.718,11,(9.1%),3,0,182,(50.0%),3,(0.0%),20,1,4,13,(76.9%),12,(50.0%),10,(60.0%),27,4,1,3,0,18,4,111,9.9%,32.2%
第1節,ジェフユナイテッド千葉,いわてグルージャ盛岡,0,1,0,3,2022.2.19 14:00 Kick Off,雨のち曇,全面良芝,"5,588人",9.8℃,48.3%,35.1%,37.5%,36.4%,38.0%,39.5%,7.83,6.31,1.51,0.00,5.51,2.95,85.84,15.18,0.20,1.118,15,(6.7%),4,0,266,(63.5%),11,(27.3%),16,2,6,18,(61.1%),6,(0.0%),15,(60.0%),35,3,3,2,0,23,8,119,12.6%,39.2%
第2節,ＦＣ町田ゼルビア,いわてグルージャ盛岡,1,0,0,0,2022.2.27 14:00 Kick Off,晴,全面良芝,"2,232人",15.5℃,37.2%,33.7%,43.4%,52.0%,43.4%,41.0%,6.73,6.22,0.00,0.51,0.00,0.00,69.45,16.20,1.47,0.313,5,(0.0%),0,0,312,(61.9%),12,(0.0%),8,1,0,27,(59.3%),13,(23.1%),18,(44.4%),20,3,1,1,0,30,5,118,4.2%,42.3%
第3節,ＦＣ琉球,いわてグルージャ盛岡,1,2,0,3,2022.3.5 16:00 Kick Off,晴,全面良芝,"1,249人",23.6℃,31.9%,51.3%,55.4%,50.5%,33.4%,43.4%,13.55,9.84,3.27,0.44,7.78,9.33,84.10,12.18,0.51,1.838,18,(11.1%),3,0,357,(72.3%),20,(30.0%),8,1,2,20,(70.0%),3,(100.0%),21,(57.1%),24,3,1,2,0,36,11,121,14.9%,44.6%
第4節,ベガルタ仙台,いわてグルージャ盛岡,3,0,0,0,2022.3.12 13:00 Kick Off,晴,全面良芝,"7,207人",15.1℃,39.6%,32.6%,43.5%,35.2%,43.9%,42.3%,12.07,8.66,2.04,1.36,6.75,0.00,65.78,17.87,0.78,0.744,9,(0.0%),2,0,305,(63.0%),26,(15.4%),7,3,7,19,(63.2%),15,(60.0%),25,(48.0%),16,2,4,3,0,27,13,116,7.8%,40%
第5節,いわてグルージャ盛岡,栃木ＳＣ,1,1,1,1,2022.3.20 14:00 Kick Off,曇,全面良芝,"1,572人",7℃,49.2%,45.3%,51.8%,57.6%,47.9%,54.0%,7.60,5.45,0.55,1.60,2.97,1.31,83.16,16.53,0.00,0.698,6,(16.7%),2,0,339,(41.3%),11,(9.1%),8,2,4,57,(73.7%),13,(53.8%),23,(69.6%),37,2,1,3,0,20,5,162,3.7%,50.8%
第6節,いわてグルージャ盛岡,レノファ山口ＦＣ,0,0,1,1,2022.3.26 13:00 Kick Off,曇のち雨,良芝,681人,8.8℃,38.9%,34.6%,35.9%,42.1%,25.8%,32.4%,6.88,4.88,1.03,0.97,1.26,0.00,68.64,14.80,0.58,0.479,6,(0.0%),1,0,220,(58.2%),15,(13.3%),13,4,3,14,(92.9%),10,(40.0%),26,(65.4%),23,2,1,4,1,19,3,107,5.6%,35.2%
第7節,ファジアーノ岡山,いわてグルージャ盛岡,0,1,0,3,2022.3.30 19:00 Kick Off,曇,全面良芝,"4,253人",17.7℃,40.8%,38.1%,43.3%,43.9%,39.3%,43.9%,11.65,8.23,3.19,0.24,3.07,1.31,94.43,24.11,0.44,1.369,11,(9.1%),3,0,301,(57.8%),18,(33.3%),10,0,8,24,(87.5%),10,(20.0%),36,(50.0%),37,3,0,0,0,17,11,134,8.2%,41.6%
第8節,ブラウブリッツ秋田,いわてグルージャ盛岡,3,1,0,0,2022.4.3 13:00 Kick Off,晴,良芝,"1,903人",13.3℃,38.9%,54.8%,63.7%,50.4%,60.0%,57.3%,8.34,7.87,0.00,0.47,1.33,1.31,93.28,17.63,0.40,0.929,6,(16.7%),2,0,392,(66.3%),12,(0.0%),12,3,3,33,(75.8%),10,(40.0%),23,(65.2%),28,2,1,0,0,28,5,153,3.9%,55.3%
第9節,いわてグルージャ盛岡,ザスパクサツ群馬,0,1,1,0,2022.4.9 13:00 Kick Off,晴,全面良芝,"1,142人",24.9℃,27.2%,68.1%,38.2%,44.0%,24.6%,47.6%,16.01,10.32,3.60,2.09,8.20,0.00,75.58,10.84,0.03,2.501,17,(0.0%),3,0,365,(77.8%),16,(43.8%),9,3,6,25,(92.0%),14,(64.3%),11,(72.7%),22,2,2,0,0,33,12,110,15.5%,41.5%
第10節,いわてグルージャ盛岡,大分トリニータ,1,2,1,0,2022.4.16 13:00 Kick Off,晴,全面良芝,"1,319人",12.4℃,27.8%,26.3%,33.1%,30.7%,46.8%,39.9%,12.28,8.59,2.17,1.52,5.41,1.26,66.76,17.00,0.40,1.517,13,(7.7%),3,0,321,(68.5%),20,(20.0%),9,1,4,14,(85.7%),6,(83.3%),16,(62.5%),18,0,2,2,0,20,14,112,11.6%,33.9%
第11節,徳島ヴォルティス,いわてグルージャ盛岡,5,0,0,0,2022.4.20 19:00 Kick Off,曇,全面良芝,"2,316人",18℃,31.7%,26.5%,17.8%,42.1%,44.0%,45.1%,12.00,7.30,3.74,0.96,7.26,0.00,61.43,13.52,0.38,1.404,14,(0.0%),2,0,290,(69.3%),17,(41.2%),6,3,5,25,(84.0%),9,(44.4%),15,(40.0%),17,1,0,2,0,28,9,106,13.2%,34.3%
第12節,アルビレックス新潟,いわてグルージャ盛岡,2,0,0,0,2022.4.27 19:00 Kick Off,晴,全面良芝,"7,556人",14.1℃,26.2%,33.9%,26.4%,44.5%,49.5%,35.6%,9.31,8.58,0.00,0.73,2.26,0.00,104.08,12.06,0.31,0.844,10,(0.0%),1,0,321,(67.0%),9,(0.0%),9,1,4,15,(46.7%),12,(41.7%),15,(53.3%),20,5,1,2,0,43,7,117,8.5%,35%
第13節,いわてグルージャ盛岡,ロアッソ熊本,1,2,1,0,2022.5.1 13:00 Kick Off,雨,全面良芝,849人,9.5℃,30.4%,28.2%,39.3%,52.0%,48.8%,61.7%,13.99,10.57,3.07,0.35,7.36,2.63,121.58,15.40,0.33,2.719,16,(6.3%),1,1,341,(65.4%),18,(33.3%),10,4,7,26,(84.6%),16,(12.5%),25,(64.0%),27,1,1,1,0,31,9,145,11.0%,43.5%
第14節,いわてグルージャ盛岡,Ｖ・ファーレン長崎,0,4,1,0,2022.5.4 13:00 Kick Off,晴,全面良芝,"1,856人",21.1℃,35.3%,62.8%,46.2%,50.5%,45.4%,52.2%,16.41,12.32,3.10,1.00,5.26,0.00,97.24,13.20,0.70,0.708,10,(0.0%),4,0,436,(68.6%),20,(30.0%),8,1,4,28,(82.1%),18,(38.9%),25,(48.0%),19,0,0,0,0,34,13,138,7.2%,49.1%
第15節,大宮アルディージャ,いわてグルージャ盛岡,0,1,0,3,2022.5.18 19:00 Kick Off,晴,全面良芝,"3,542人",20℃,37.5%,34.0%,32.8%,40.0%,44.5%,53.3%,10.82,7.95,1.05,1.82,8.40,2.66,110.21,14.72,0.04,1.334,14,(7.1%),3,0,298,(57.4%),17,(11.8%),7,1,6,33,(69.7%),16,(43.8%),16,(43.8%),30,2,1,2,0,29,5,136,10.3%,40.2%
第17節,水戸ホーリーホック,いわてグルージャ盛岡,3,0,0,0,2022.5.21 16:00 Kick Off,曇,全面良芝,"2,678人",22℃,37.5%,46.1%,46.8%,44.9%,48.6%,51.8%,9.22,6.61,1.66,0.96,7.91,0.00,68.40,14.22,0.97,1.207,14,(0.0%),2,0,285,(62.5%),12,(25.0%),10,1,11,31,(83.9%),10,(50.0%),17,(58.8%),27,1,0,2,0,24,6,135,10.4%,46.5%
第18節,いわてグルージャ盛岡,横浜ＦＣ,1,3,1,0,2022.5.25 18:00 Kick Off,晴,全面良芝,"2,249人",21.7℃,29.5%,40.6%,28.8%,50.4%,46.5%,56.9%,10.29,8.59,0.56,1.14,2.18,3.38,77.73,14.52,0.25,0.878,8,(12.5%),2,0,279,(62.7%),14,(7.1%),8,3,8,24,(79.2%),9,(44.4%),13,(46.2%),31,0,0,1,0,31,9,119,6.7%,43%
第19節,ツエーゲン金沢,いわてグルージャ盛岡,2,1,0,0,2022.5.29 19:00 Kick Off,晴,全面良芝,"2,040人",23.2℃,27.0%,49.4%,36.2%,39.5%,55.8%,57.4%,10.56,8.25,1.01,1.30,5.92,2.90,86.69,13.50,0.17,1.204,16,(6.3%),3,0,344,(64.0%),16,(12.5%),10,0,4,34,(79.4%),12,(58.3%),12,(58.3%),21,0,0,1,0,36,3,133,12.0%,43.2%
第20節,いわてグルージャ盛岡,ヴァンフォーレ甲府,1,0,1,3,2022.6.5 18:00 Kick Off,晴,全面良芝,"1,551人",15.9℃,42.3%,16.7%,27.8%,33.5%,34.4%,46.5%,7.10,5.74,1.12,0.23,9.26,1.26,92.30,18.53,1.06,2.05,13,(7.7%),6,0,237,(51.9%),7,(28.6%),8,1,4,20,(70.0%),7,(28.6%),26,(57.7%),31,5,2,2,0,17,7,116,11.2%,34.1%
第21節,東京ヴェルディ,いわてグルージャ盛岡,2,2,0,1,2022.6.12 18:00 Kick Off,晴,全面良芝,"3,149人",22.8℃,24.9%,28.1%,34.4%,38.8%,36.3%,37.8%,8.37,6.39,1.45,0.53,5.98,6.78,88.78,13.03,0.73,1.545,15,(13.3%),3,0,224,(57.6%),20,(15.0%),7,2,6,28,(64.3%),14,(28.6%),24,(79.2%),24,0,2,2,0,35,12,116,12.9%,33.5%
第16節,いわてグルージャ盛岡,モンテディオ山形,3,3,1,1,2022.6.15 18:00 Kick Off,雨,全面良芝,"1,087人",15.2℃,44.8%,42.8%,33.3%,43.2%,34.5%,39.6%,8.03,6.90,0.00,1.12,10.72,11.14,100.78,11.06,0.00,1.263,14,(21.4%),7,0,236,(52.1%),14,(0.0%),8,5,11,18,(55.6%),11,(45.5%),13,(76.9%),28,3,1,2,0,23,6,124,11.3%,39.5%
第22節,いわてグルージャ盛岡,徳島ヴォルティス,1,0,1,3,2022.6.18 18:00 Kick Off,晴,全面良芝,"1,869人",25.6℃,31.8%,37.3%,45.2%,34.4%,40.2%,38.6%,9.08,6.73,1.04,1.30,4.92,2.61,74.55,14.53,0.09,0.766,8,(12.5%),4,0,261,(58.6%),15,(13.3%),8,5,4,24,(70.8%),14,(42.9%),21,(61.9%),21,2,0,3,0,26,8,117,6.8%,37.4%
第23節,栃木ＳＣ,いわてグルージャ盛岡,1,1,0,1,2022.6.26 18:00 Kick Off,晴,全面良芝,"3,497人",30.4℃,43.1%,49.8%,58.2%,64.4%,58.3%,70.7%,21.72,17.74,3.15,0.82,10.34,2.61,78.83,11.87,0.04,1.58,16,(6.3%),4,0,459,(75.6%),28,(25.0%),9,0,9,27,(88.9%),11,(36.4%),20,(65.0%),17,1,0,1,0,50,20,118,13.6%,59.3%
第24節,いわてグルージャ盛岡,大宮アルディージャ,1,0,1,3,2022.7.2 18:00 Kick Off,晴,全面良芝,"2,891人",28℃,48.3%,38.2%,43.3%,61.1%,39.3%,36.0%,9.25,6.29,1.57,1.39,5.33,1.26,77.25,22.72,1.49,0.703,8,(12.5%),2,0,260,(51.9%),13,(23.1%),6,3,4,20,(70.0%),10,(40.0%),16,(62.5%),47,2,4,1,0,19,9,123,6.5%,44.1%
第25節,いわてグルージャ盛岡,ＦＣ琉球,0,1,1,0,2022.7.6 18:00 Kick Off,晴,全面良芝,"1,044人",27℃,46.4%,48.6%,51.9%,52.8%,46.6%,58.0%,15.24,9.26,4.71,1.27,3.70,0.00,63.74,9.34,0.00,1.685,14,(0.0%),3,0,322,(59.6%),31,(29.0%),11,0,11,58,(70.7%),18,(38.9%),12,(58.3%),15,1,2,3,1,32,15,147,9.5%,51.6%
第26節,Ｖ・ファーレン長崎,いわてグルージャ盛岡,2,2,0,1,2022.7.10 18:00 Kick Off,晴,全面良芝,"7,919人",29.2℃,29.2%,44.1%,48.5%,58.5%,46.5%,39.2%,10.01,6.84,1.46,1.71,6.52,10.39,90.20,10.56,0.10,1.477,18,(11.1%),5,0,254,(57.9%),19,(15.8%),12,4,11,35,(77.1%),21,(47.6%),18,(66.7%),21,3,1,1,0,36,8,123,14.6%,43.6%
第27節,いわてグルージャ盛岡,ベガルタ仙台,1,5,1,0,2022.7.16 18:00 Kick Off,曇,全面良芝,"3,029人",22.8℃,49.6%,45.4%,51.2%,43.2%,49.1%,43.3%,7.79,6.30,0.00,1.49,4.62,5.56,81.57,11.96,0.05,0.686,10,(10.0%),2,0,265,(61.9%),13,(0.0%),12,2,4,22,(86.4%),15,(46.7%),19,(57.9%),23,1,3,2,0,28,8,116,8.6%,47.1%
第28節,いわてグルージャ盛岡,ＦＣ町田ゼルビア,1,3,1,0,2022.7.23 18:00 Kick Off,曇時々雨,良芝,988人,22℃,39.7%,45.2%,52.2%,34.9%,54.4%,49.1%,10.80,7.10,1.06,2.64,5.36,2.95,62.58,12.49,0.41,0.931,14,(7.1%),3,0,302,(61.6%),20,(10.0%),10,2,5,40,(75.0%),17,(58.8%),6,(83.3%),18,2,1,2,0,28,11,128,10.9%,46%
第29節,横浜ＦＣ,いわてグルージャ盛岡,0,3,0,3,2022.7.30 18:00 Kick Off,晴,全面良芝,"3,438人",29.4℃,27.6%,25.9%,27.1%,26.0%,28.1%,34.5%,4.70,4.21,0.48,0.01,5.84,12.78,70.10,14.94,0.21,0.687,8,(37.5%),5,0,160,(63.1%),4,(25.0%),2,1,2,10,(50.0%),3,(33.3%),24,(45.8%),28,2,1,2,0,10,7,92,8.7%,28.3%
第30節,いわてグルージャ盛岡,ファジアーノ岡山,1,3,1,0,2022.8.6 18:00 Kick Off,晴,全面良芝,"1,747人",23.2℃,45.5%,46.0%,53.6%,39.2%,53.6%,64.6%,16.61,12.52,1.94,2.15,8.10,3.94,90.06,12.92,0.56,1.139,18,(5.6%),5,0,406,(67.5%),28,(14.3%),4,0,12,18,(66.7%),22,(40.9%),24,(50.0%),23,2,3,3,0,48,16,127,14.2%,51.3%
第31節,いわてグルージャ盛岡,ブラウブリッツ秋田,0,1,1,0,2022.8.13 18:00 Kick Off,曇のち雨,全面良芝,"1,542人",24.9℃,50.5%,52.5%,48.9%,59.0%,54.3%,64.7%,12.41,9.01,1.58,1.82,6.95,0.00,58.37,14.25,0.29,0.694,9,(0.0%),2,0,339,(60.5%),21,(14.3%),12,4,5,43,(55.8%),12,(58.3%),17,(58.8%),29,0,1,2,0,29,13,124,7.3%,55.7%
第32節,大分トリニータ,いわてグルージャ盛岡,3,0,0,0,2022.8.20 19:00 Kick Off,曇,全面良芝,"8,014人",29.3℃,28.3%,20.9%,34.3%,28.8%,29.0%,38.5%,6.95,6.13,0.00,0.82,1.25,0.00,102.12,10.94,0.27,0.318,7,(0.0%),1,0,250,(59.6%),4,(0.0%),4,2,2,23,(78.3%),11,(45.5%),15,(60.0%),19,1,2,1,0,19,6,105,6.7%,30.7%
第33節,いわてグルージャ盛岡,アルビレックス新潟,0,2,1,0,2022.8.27 18:00 Kick Off,曇時々雨,全面良芝,"2,476人",23℃,27.5%,29.1%,21.5%,28.7%,30.0%,49.1%,8.42,5.59,1.55,1.28,5.24,0.00,58.70,9.95,0.40,1.532,10,(0.0%),4,1,230,(60.9%),13,(23.1%),5,3,6,17,(64.7%),12,(58.3%),13,(53.8%),20,1,0,2,0,23,8,101,9.9%,31.3%
第34節,モンテディオ山形,いわてグルージャ盛岡,4,1,0,0,2022.9.3 19:00 Kick Off,曇のち雨,全面良芝,"5,417人",21.4℃,42.2%,28.1%,23.0%,23.5%,38.1%,42.6%,5.95,4.13,1.02,0.79,2.93,1.31,94.15,20.03,0.52,0.346,5,(20.0%),2,0,216,(58.3%),12,(16.7%),4,3,2,15,(73.3%),4,(75.0%),15,(60.0%),30,0,0,1,1,20,3,106,4.7%,32.7%
第35節,いわてグルージャ盛岡,水戸ホーリーホック,1,0,1,3,2022.9.10 18:00 Kick Off,晴,全面良芝,"1,886人",21.3℃,40.9%,38.9%,31.7%,44.6%,23.1%,45.9%,10.37,6.70,1.59,2.08,6.26,2.90,87.10,20.16,0.41,0.865,13,(7.7%),2,0,235,(61.7%),15,(20.0%),13,0,5,15,(73.3%),12,(58.3%),16,(68.8%),35,2,1,1,0,28,8,124,10.5%,37.2%
第36節,いわてグルージャ盛岡,ジェフユナイテッド千葉,1,2,1,0,2022.9.14 18:00 Kick Off,晴,全面良芝,"1,623人",20.9℃,49.6%,52.9%,41.3%,51.0%,38.2%,60.4%,10.15,8.25,1.05,0.85,4.85,4.82,76.46,8.72,0.23,0.992,14,(7.1%),1,0,298,(62.1%),18,(11.1%),18,0,9,23,(78.3%),8,(62.5%),24,(58.3%),22,0,2,1,0,30,11,131,10.7%,48.7%
第37節,ロアッソ熊本,いわてグルージャ盛岡,1,0,0,0,2022.9.20 19:00 Kick Off,晴,全面良芝,"2,163人",20.8℃,24.7%,35.0%,41.3%,27.7%,31.1%,50.7%,10.42,7.19,2.56,0.67,3.30,0.00,58.94,15.76,0.85,0.81,11,(0.0%),2,0,269,(57.2%),16,(31.3%),10,5,7,28,(78.6%),9,(33.3%),17,(82.4%),18,1,3,0,0,22,10,123,8.9%,34.9%
第38節,いわてグルージャ盛岡,ツエーゲン金沢,1,3,1,0,2022.9.25 14:00 Kick Off,晴,全面良芝,"2,067人",25.7℃,40.9%,49.3%,55.1%,48.9%,69.0%,58.1%,20.71,13.14,2.76,4.81,5.43,2.63,62.75,17.08,0.30,1.485,13,(7.7%),1,0,403,(75.9%),26,(19.2%),9,2,5,15,(93.3%),21,(71.4%),15,(80.0%),26,0,0,1,0,46,17,108,12.0%,54.4%
第39節,レノファ山口ＦＣ,いわてグルージャ盛岡,2,2,0,1,2022.10.2 14:00 Kick Off,晴時々曇,良芝,"3,859人",30.3℃,27.5%,35.5%,46.7%,52.2%,50.4%,63.6%,17.24,10.14,5.21,1.90,12.27,7.91,85.34,14.57,0.89,1.688,18,(11.1%),6,0,348,(65.2%),28,(35.7%),9,1,7,39,(82.1%),15,(66.7%),11,(63.6%),17,0,0,3,0,42,17,139,12.9%,46.8%
第40節,いわてグルージャ盛岡,東京ヴェルディ,0,2,1,0,2022.10.8 17:00 Kick Off,曇,全面良芝,"3,256人",12.3℃,33.9%,30.4%,27.9%,38.0%,37.9%,46.9%,8.51,6.57,1.48,0.46,5.60,0.00,96.60,21.75,0.09,0.547,7,(0.0%),3,0,247,(54.7%),10,(30.0%),11,1,3,26,(84.6%),11,(18.2%),22,(59.1%),32,0,3,1,0,21,9,127,5.5%,35.9%
